Nov01,"{'TOURISM': 1, 'WITHOUT': 1, 'THE': 7, 'QUARANTINE': 3, 'REQUIREMENTS': 1, '': 12, 'VANCOUVER': 1, 'BRITISH': 1, 'COLUMBIA': 1, 'HTTPSTCOFO2PHZQMO1': 1, 'BURRRRRRR': 1, 'IT‚ÄôS': 1, 'COLDTIME': 1, 'TO': 7, 'CHANG': 1, 'UP': 1, 'MY': 2, 'WORK': 1, 'A': 6, 'BIT': 1, 'SO': 1, 'I': 1, 'DON‚ÄôT': 1, 'HAVE': 2, 'USE': 1, 'SPRAY': 1, 'VARNISH': 1, 'OUTSIDE': 1, 'UNLESS': 1, 'IT': 1, 'SEMI': 1, 'WARM': 1, 'ENOUGH': 1, 'I‚ÄôM': 1, 'NOT': 1, 'READY': 1, 'FOR': 2, 'WINTER': 1, 'ESPECIALLY': 1, 'WITH': 2, 'PANDEMIC': 1, 'TORONTO': 4, 'ONTARIO': 6, 'HTTPSTCO3CRXTGMAFA': 1, 'ON': 1, 'B2B': 1, 'GREGDUROCHER': 1, 'CHATS': 1, 'RE': 1, 'COVID': 4, 'RELIEF': 1, 'AMP': 2, 'LAPRESSE': 1, 'JBELLAVA': 1, 'LOOKS': 2, 'AT': 3, 'BIZ': 1, 'CLOSURES': 1, 'ALSO': 1, 'AMBERCATALYST': 1, 'TALKS': 1, 'ABOUT': 1, 'HER': 1, 'JOURNEY': 1, 'CREATING': 1, 'PPE': 1, 'INITIATIVES': 1, 'AND': 3, 'COWANINSURANCE': 1, 'REP': 1, 'SNOW': 1, 'REMOVAL': 1, 'LIABILITY': 1, 'TUNE': 1, '570NEWS': 1, 'TODAY': 2, 'NOON': 1, 'ALL': 2, 'THINGS': 1, 'BUSINESS': 1, 'HTTPSTCO26MTPBRIQP': 1, 'SHOOTING': 1, 'MUSIC': 1, 'VIDEO': 1, 'DURING': 1, 'HTTPSTCOCMRJENXPVP': 1, 'INSPIRED': 1, 'BY': 1, 'BLUE': 1, 'WHITE': 1, 'MEDICALMASK': 1, 'FACESHIELD': 1, 'COVID19': 4, 'OUR': 1, 'NEW': 1, 'FASHION': 1, 'CATWALK': 1, 'SHOW': 1, 'FASHIONARTTORONTO': 1, 'JEWELRYBOX': 1, 'PLACE': 1, 'HTTPSTCOY1LDE24ZM5': 1, 'JUSTSAYING': 1, '2020SUCKS': 1, 'BRAMPTON': 1, 'HTTPSTCOQTUYT3HKR8': 1, 'WALK': 1, 'RIVERVIEW': 1, 'HTTPSTCOWE1YUOSKEI': 1, 'HALLOWEEN': 2, 'HAUNTED': 1, 'HOUSE': 1, 'CORONA': 1, 'BEER': 1, 'JOKES': 1, 'HALLOWEEN2020': 1, '2020JOKES': 1, 'HAUNTEDHOUSEJOKE': 1, 'CORONAMEMES': 1, 'HALLOWEENADDICTIONN': 1, 'HTTPSTCONNCB4KXACK': 1, 'STOP': 1, 'VIOLENCE': 1, 'SMH': 1, 'YOU': 4, 'DONT': 2, 'SEE': 1, 'KILL': 1, 'PEOPLE': 1, 'ALREADY': 1, 'CHILL': 1, 'GUN': 1, 'TING': 1, 'NEED': 2, 'GUNS': 1, 'HEART': 1, 'WEAKüôèüèæüí´': 1, 'SIP': 1, 'FALLEN': 1, 'SOLDIER': 1, 'üïä': 1, 'HTTPSTCOW2C7Q2PLWH': 1, 'GLOBAL': 2, 'CASES': 2, 'NEARING': 2, '46MN': 1, 'JOHNS': 2, 'HOPKINS': 2, 'OVERALL': 1, 'NUMBER': 1, 'OF': 2, 'CORONAVIRUS': 1, 'WAS': 1, '46': 1, 'MILLION': 1, 'MARK': 1, 'WHILE': 1, 'DEATHS': 1, 'SURGED': 1, 'ALMOST': 1, '1193860': 1, 'ACCORDING': 1, 'UNIVERSITY': 1, 'AS': 1, 'SUNDAY‚Ä¶': 1, 'HTTPSTCOJDB3ICWBE5': 1}"
Nov02,"{'BEAUTIFUL': 1, 'SUNSET': 2, '‚ù§Ô∏è': 1, 'OWNINCANMORE': 1, 'LIVEALITTLECANMORE': 1, 'CANMORE': 2, 'CANMOREALBERTA': 1, 'CANADIANROCKIES': 1, 'LIVEHERE': 1, 'WORKFROMHOME': 1, 'REALESTATE': 2, 'VIEWS': 1, 'YYC': 1, 'LOVEMYHOME': 1, 'TRAVELALBERTA': 1, 'SUNSETPHOTOS': 1, '2020': 2, '': 9, 'ALBERTA': 1, 'HTTPSTCOW9IBWQ7IDR': 1, '2': 3, 'KILLED': 3, 'IN': 12, 'CANADA': 2, 'STABBING': 2, 'INCIDENT': 2, 'AT': 1, 'LEAST': 1, 'TWO': 3, 'PEOPLE': 2, 'WERE': 1, 'AND': 4, 'FIVE': 2, 'OTHERS': 1, 'INJURED': 1, 'A': 5, 'THE': 18, 'CANADIAN': 2, 'CITY': 2, 'OF': 7, 'QUEBEC': 3, 'POLICE': 3, 'SAID': 2, 'ADDING': 1, 'THAT': 2, 'SUSPECT': 2, 'HAS': 4, 'BEEN': 2, 'ARRESTED': 1, 'ATTACK': 3, 'ON': 5, 'TOOK': 1, 'PLACE‚Ä¶': 1, 'HTTPSTCO2JJX8I5OWW': 1, 'COVID19': 10, 'FEATURED': 3, 'NEWS': 7, 'PERFECT': 1, 'PATIO': 2, 'SETTING': 1, 'ACTINOLITERESTAURANT': 1, 'JUST': 1, 'LOVE': 1, 'WOOD': 1, 'FIRE': 1, 'SMELL': 1, 'üî•': 1, 'BRINGYOUROWNBLANKET': 1, 'BYOB': 1, 'WOODFIRE': 1, 'WOODFIRECOOKING': 1, 'BONFIRE': 1, 'BONFIRENIGHT': 1, 'OUTDOORDINING': 1, 'ACTINOLITE': 1, 'RESTAURANT': 1, 'HTTPSTCO47KGMDYQTT': 1, 'YOU': 3, 'CAN': 1, 'HELP': 1, 'KWAG': 1, 'SURVIVE': 1, 'PANDEMIC': 4, 'BY': 1, 'DONATING': 1, 'TO': 9, 'KWAGFUTUREVISION': 1, 'CAMPAIGN': 1, 'SUPPORT': 1, 'VIRTUAL': 1, 'ART': 1, 'PROGRAMS': 2, 'DURING': 3, 'BEYOND': 1, 'THANKS': 1, 'WELLS': 1, 'RESOLUTIONS': 1, 'EVERY': 1, 'DOLLAR': 1, 'DONATE': 2, 'WILL': 3, 'BE': 2, 'MATCHED': 1, 'UP': 1, '15000': 1, 'TODAY': 1, 'HTTPSTCOPWBJSAL4WQ': 1, 'HTTPSTCO1NQCCDD3GD': 1, 'NEW': 4, 'CASES': 4, 'NOV': 3, 'HTTPSTCOUTZCW3KOEF': 1, 'LEGAULT': 1, 'IS': 2, 'WORRIED': 1, 'ABOUT': 2, 'AN': 2, 'INCREASE': 1, 'MENTAL': 1, 'HEALTH': 1, 'ISSUES': 1, 'DUE': 1, 'HTTPSTCOX99SCISTX0': 1, 'MONTREAL': 3, 'FOR': 2, 'THOSE': 1, 'OLD': 1, 'ENOUGH': 1, 'KNOW': 1, 'WHAT': 1, 'BLOCKBUSTER': 2, 'WAS': 2, 'üòÇüòÇ': 1, 'VHS': 1, 'RENTAL': 1, 'VIDEORENTAL': 1, 'LATEFEES': 1, 'LOL': 1, 'COVID': 1, 'SHITSHOW': 1, 'OTTAWA': 1, 'ONTARIO': 1, 'HTTPSTCOLCG16GEMAA': 1, 'BRUNSWICK': 1, 'NO': 1, 'HTTPSTCOFZHJCFRUAL': 1, 'GLOBAL': 2, 'TOP': 1, '464MN': 1, 'JOHNS': 2, 'HOPKINS': 2, 'OVERALL': 1, 'NUMBER': 1, 'CORONAVIRUS': 2, 'TOPPED': 1, '464': 1, 'MILLION': 1, 'WHILE': 1, 'DEATHS': 1, 'HAVE': 2, 'SURGED': 1, 'MORE': 2, 'THAN': 1, '1199500': 1, 'ACCORDING': 1, 'UNIVERSITY': 1, 'AS': 2, 'OF‚Ä¶': 1, 'HTTPSTCOLUD7OOL5ID': 1, 'LED': 1, 'EXPLOSION': 1, 'KITTENS': 1, 'HTTPSTCOFK6FGPEBXQ': 1, 'INDIAN': 2, 'HOUSING': 1, 'SALES': 2, 'ALMOST': 1, 'DOUBLED': 1, 'JULYSEPT': 1, 'PERIOD': 1, 'SAYS': 1, 'PROPEAL': 1, 'QUITY': 1, 'REPORT': 1, 'DELHI': 1, 'REAL': 1, 'ESTATE': 1, 'SECTOR': 1, 'SEEMS': 1, 'RECOVERING': 1, 'FROM': 2, 'SLUMP': 1, 'DEMAND': 1, 'NATIONWIDE': 1, 'LOCKDOWN': 1, 'THE‚Ä¶': 1, 'HTTPSTCOUMNGKPADAK': 1, 'BUSINESS': 2, 'SWORD': 2, 'PREMEDITATED': 2, 'WHICH': 1, 'WOUNDED': 1, 'CHARGES': 1, 'ARE': 1, 'EXPECTED': 1, 'WHO': 1, 'ARRESTED‚Ä¶': 1, 'HTTPSTCOOJDJOFYKKR': 1, 'CHAMBER': 1, 'CHAT': 2, 'THIS': 1, 'WEEK': 1, 'MARK': 1, 'SIMS': 1, 'AMP': 1, 'NATHAN': 1, 'GRAHAM': 2, 'MATHEW': 1, 'TALK': 1, 'IMPACT': 1, 'RELIEF': 1, 'TAKES': 1, 'PLACE': 1, 'WEDNESDAY': 1, '4': 1, '910': 1, 'AM': 1, 'HTTPSTCOVLIWO4GCMM': 1, 'CBRIDGE': 1, 'SMALLBUSINESSMATTERS': 1, 'HTTPSTCOCJPGKQRUWP': 1, 'WELCOME': 1, 'BACK': 1, 'KODIAKS': 1, 'HERE': 1, 'SOME': 1, 'INFORMATION': 1, 'MUSIC': 1, 'PROGRAM': 1, 'CONTEXTS': 1, 'ONGOING': 1, 'STAY': 1, 'SAFE': 1, 'BEAR': 1, 'CREEK': 1, 'SECONDARY': 1, 'SCHOOL': 1, 'HTTPSTCOZHIVI10UAF': 1}"
Nov03,"{'CANADA': 1, 'PANICKY': 1, 'PANDEMIC': 1, 'PUBLISHING': 1, 'OF': 3, 'COVID19': 6, 'RESEARCH': 1, 'ERODES': 1, 'TRUST': 1, 'IN': 1, 'SCIENCE': 1, 'REPORT': 1, 'WARNS': 1, 'HTTPSTCO44JTSCUECD': 1, 'A': 2, 'CUTE': 1, 'DRESS': 1, 'FROM': 1, 'OUR': 3, 'LATEST': 1, 'COLLECTION': 1, 'LOVE': 1, 'IT': 1, 'FASHIONARTTORONTO': 1, 'CATWALK': 1, 'FACESHIELD': 1, 'SEQUINS': 1, '': 5, 'ONTARIO': 2, 'PLACE': 1, 'HTTPSTCOMM53YNSQSY': 1, 'BUT': 2, 'WAIT': 1, 'I': 1, 'HAD': 1, 'COOL': 1, 'MASCARA': 2, 'ON': 1, 'THAT': 1, 'YOU': 1, 'COULDN‚ÄôT': 1, 'APPRECIATE': 1, 'WITH': 1, 'SOCIAL': 1, 'DISTANCING': 1, 'TEAL': 1, 'AND': 1, 'GOLD': 1, 'EYESHADOW': 1, 'YEUP': 1, 'TEALANDGOLD': 1, 'LASTWEEK': 1, 'TERRACE': 1, 'BRITISH': 1, 'COLUMBIA': 1, 'HTTPSTCONGV8UKIQXA': 1, 'LIVE': 2, 'FORD': 1, 'TO': 2, 'MAKE': 1, 'ANNOUNCEMENT': 1, 'ABOUT': 1, 'NEW': 1, 'SYSTEM': 1, 'FOR': 2, 'LOCKDOWNS': 1, 'HTTPSTCOBLQQOZSGUQ': 1, 'HTTPSTCOFNJBCG5IWZ': 1, 'PRIME': 1, 'MINISTER': 1, 'JUSTIN': 1, 'TRUDEAU': 1, 'PROVIDES': 1, 'UPDATE': 1, 'HTTPSTCO2U1ETTSP4A': 1, 'HTTPSTCO9DNRKZQFTI': 1, 'CONFIRMS': 1, 'RECORD': 1, '1050': 1, 'COVID': 2, 'CASES': 1, 'TODAY': 2, 'HTTPSTCOZKXZXSKIX8': 1, 'HTTPSTCOYBWT6FIFEF': 1, 'UNCONVENTIONAL': 1, 'MINOR': 1, 'HOCKEY': 1, 'SEASON': 1, 'UNDERWAY': 1, 'HTTPSTCOVOQZYIQP5A': 1, 'HTTPSTCO5IUGUWPIVF': 1, 'QUEBECS': 1, 'NUMBERS': 1, 'ARE': 2, 'STABLE': 1, 'SOME': 1, 'REGIONS': 1, 'GETTING': 1, 'WORSE': 1, 'HTTPSTCOMQIPUG2MSA': 1, 'NEWS': 1, 'MONTREAL': 1, 'LONG': 1, 'TIME': 1, 'WITHOUT': 1, 'POST': 1, 'ANYTHINK': 1, 'TAKE': 1, 'US': 1, 'AWAY': 1, 'BE': 1, 'SAFE': 1, '‚ù§Ô∏è': 1, 'ÿßŸÑÿÆÿ®ÿ±': 1, 'HTTPSTCOIQJ4PQIDBP': 1, 'WALK': 1, 'RIVERVIEW': 1, 'HTTPSTCOWTO9OLGWBL': 1, 'LOOK': 1, 'AT': 1, 'MENTAL': 2, 'HEALTH': 2, 'DURING': 1, 'IS': 1, 'THE': 1, 'FOCUS': 1, 'NOV': 1, '19': 1, '910': 1, 'AM': 1, 'YIP': 1, 'GROWTH': 1, 'LEARNING': 1, 'SERIES': 1, 'EVENT': 1, 'YOUNG': 1, 'PROFESSIONALS': 1, 'FEATURING': 1, 'ANGELA': 1, 'ENGLANDER': 1, 'WAYS': 1, 'WELLBEING': 1, 'PSYCHOTHERAPY': 1, 'READ': 1, 'BLOG': 1, 'AMP': 1, 'SIGN': 1, 'UP': 1, 'HTTPSTCO48DSUPXLMM': 1, 'CBRIDGE': 1, 'HTTPSTCOWESBH0FH7R': 1}"
Nov04,"{'ONTARIO': 3, 'REPORTS': 1, '987': 1, 'NEW': 3, 'COVID': 3, 'CASES': 4, 'TODAY': 1, 'HTTPSTCOXUZW3FHEOS': 1, 'HTTPSTCO3HF1DURQ8J': 1, 'DARN': 1, 'RIGHT': 1, 'IS': 2, 'IT': 1, 'TOO': 1, 'EARLY': 1, 'TO': 7, 'DRINK': 1, 'CORONA': 1, 'ü¶†': 1, 'ELECTION2020': 1, 'üá∫üá∏': 1, 'I‚ÄôM': 2, 'ACCEPTING': 1, 'MARRIAGE': 1, 'PROPOSALS': 1, 'üá®üá¶': 1, '': 11, 'TORONTO': 1, 'HTTPSTCO5GU9DGDBYT': 1, 'COVID19': 9, 'OUTBREAK': 1, 'DECLARED': 1, 'AT': 2, 'YOUNGDAVIDSON': 1, 'MINE': 1, 'HTTPSTCOO15IPBF8YR': 1, 'HTTPSTCOQLBVFBAFWF': 1, 'NEWS': 3, 'BRUNSWICK': 1, '3': 1, 'NOV': 1, '4': 1, 'HTTPSTCODYLZNFCEBR': 1, 'SOME': 2, 'CANADIAN': 1, 'PROVINCES': 2, 'MULL': 1, 'MORE': 4, 'STRINGENT': 2, 'CURBS': 1, 'AMID': 1, 'AN': 1, 'ONGOING': 1, 'SECOND': 1, 'WAVE': 1, 'OF': 7, 'THE': 10, 'PANDEMIC': 2, 'IN': 1, 'CANADA': 2, 'COUNTRY‚ÄôS': 1, 'WERE': 1, 'CONSIDERING': 1, 'ADDITIONAL': 1, 'MEASURES': 1, 'STEM': 1, 'SPREAD': 1, 'THE‚Ä¶': 1, 'HTTPSTCOWYON0CLBAR': 1, 'MONTREAL': 2, 'INCREASING': 1, 'ITS': 1, 'FINANCIAL': 1, 'AID': 1, 'FOR': 2, 'BUSINESSES': 1, 'AFFECTED': 1, 'BY': 2, '50': 1, 'HTTPSTCO5IMRD8RWTA': 1, 'INCLUDES': 1, 'FACE': 1, 'MASK': 2, 'SANITIZER': 1, 'AND': 2, 'WIPES': 1, 'WELLMASTER': 2, 'HTTPSTCOEOZ8JWSHPW': 1, 'GLOBAL': 2, 'TOP': 1, '473MN': 1, 'JOHNS': 2, 'HOPKINS': 2, 'OVERALL': 1, 'NUMBER': 1, 'CORONAVIRUS': 1, 'HAS': 1, 'TOPPED': 1, '473': 1, 'MILLION': 1, 'WHILE': 1, 'DEATHS': 1, 'HAVE': 1, 'SURGED': 1, 'THAN': 1, '1211990': 1, 'ACCORDING': 1, 'UNIVERSITY': 1, 'AS': 2, 'OF‚Ä¶': 1, 'HTTPSTCOCU7DPQW1YA': 1, 'FEATURED': 1, 'DODGERS': 1, 'WIN': 1, 'WORLD': 1, 'SERIES': 1, 'LAKERS': 1, 'WITH': 2, 'NBA': 1, 'CHAMPIONSON': 1, 'BOOM': 1, 'BAP': 1, 'HOP': 1, 'DOUBLE': 1, 'UP': 1, 'SOUTH': 1, 'CENTRAL': 1, 'LA': 1, 'HTTPSTCOYSBMABKAYI': 1, 'LOOKING': 1, 'IMPROVE': 1, 'OUR': 3, 'INTERVIEW': 1, 'PROCESS': 1, 'ANDROID': 1, 'IOS': 1, 'ENGINEERS': 1, 'ESPECIALLY': 1, 'DURING': 2, 'TIMES': 1, 'ANY': 1, 'OTHER': 1, 'MANAGERS': 1, 'OUT': 2, 'THERE': 1, 'WANT': 1, 'SWAP': 1, 'LEARNINGS': 1, 'IOSDEV': 1, 'ANDROIDDEV': 1, 'SMALL': 1, 'HOME': 2, 'EXTENSION': 1, 'IDEAS': 1, 'TIPS': 1, 'MAX': 1, 'YOUR': 1, 'SPACE': 1, 'NC': 1, 'WE': 2, 'SPEND': 1, 'TIME': 1, 'WE‚ÄôRE': 1, 'THINKING': 1, 'ABOUT': 1, 'SPACES': 1, 'DIFFERENTLY': 1, 'SO': 1, 'CAN': 2, 'MAKE': 1, 'MOST': 1, 'THEM': 1, 'REINVENTION': 1, 'HELP': 1, 'YOU': 1, 'EXTEND': 1, 'YOUR‚Ä¶': 1, 'HTTPSTCOKFL3CHA8BF': 1, 'BUSINESS': 1, 'REALESTATE': 1, 'LOVING': 1, 'SILHOUETTE': 1, 'THIS': 1, 'DRESS': 1, 'SEE': 1, 'LATEST': 1, 'COLLECTION': 1, 'FASHIONARTTORONTO': 1, 'FACESHIELD': 1, 'BENTOBOX': 1, 'PLACE': 1, 'HTTPSTCOAQ1WESU67N': 1}"
Nov05,"{'TIEDYE': 1, 'SEETHROUGH': 1, 'EMBROIDERYDESIGN': 1, 'FROM': 2, 'OUR': 1, '‚ÄúLAYERS': 1, 'UPON': 1, 'LAYERS‚Äù': 1, 'COLLECTION': 1, 'FASHIONARTTORONTO': 1, 'FACESHIELD': 1, 'BENTOBOX': 1, '': 7, 'ONTARIO': 3, 'PLACE': 1, 'HTTPSTCOFXWDHOY0GY': 1, 'GRATEFUL': 1, 'FOR': 3, 'MY': 2, 'NEIGHBOURS': 1, 'HERE': 1, 'IN': 2, 'GLENRINNES': 2, 'DELICIOUS': 1, 'LOCAL': 1, 'HONEY': 1, 'DELIVERED': 1, 'TO': 4, 'DOOR': 1, 'QUARANTINE': 1, 'DAY': 1, '8': 1, 'üêù': 1, 'SUPPORTLOCAL': 1, 'SPEYSIDE': 1, 'SUPPORTSMALLBUSINESS': 1, 'MORAYSHOPLOCAL': 1, 'HTTPSTCOS5IQDXT1J7': 1, 'STRATFORD': 1, 'CLUB': 1, 'HELPING': 1, 'MATTAGAMI': 1, 'FIRST': 1, 'NATION': 1, 'YOUTH': 1, 'HIT': 1, 'THE': 4, 'ICE': 1, 'HTTPSTCO2S1OXSROIG': 1, 'HTTPSTCOHX8VNCPIEH': 1, 'I‚ÄôM': 1, 'GETTING': 1, 'INTO': 1, 'THIS': 2, 'WORKING': 1, 'HOME': 1, 'THING': 1, 'WFH': 1, 'CRAIGLEITHSKICLUB': 1, 'TOWN': 1, 'OF': 4, 'BLUE': 1, 'MOUNTAINS': 1, 'HTTPSTCOJEKQCEPAZO': 1, 'PHYSICIANS': 1, 'COVID19': 5, 'PANDEMIC': 1, 'ASIDE': 1, 'YOU': 1, 'NEED': 1, 'STAY': 1, 'TOUCH': 1, 'WITH': 1, 'YOUR': 1, 'FAMILY': 1, 'DOC': 1, 'HTTPSTCOUSP9M9AIOS': 1, 'HTTPSTCOPKPDMOQ6PY': 1, 'NEWS': 2, 'NEW': 3, 'BRUNSWICK': 1, '2': 1, 'CASES': 1, 'NOV': 1, '5': 1, 'HTTPSTCO535MWW0VDZ': 1, 'COVID': 3, 'WALK': 1, 'TODAY': 1, 'RIVERVIEW': 1, 'HTTPSTCOLOAZ68X3MB': 1, 'A': 2, 'DETAILED': 1, 'LOOK': 1, 'PROVINCES': 1, 'FRAMEWORK': 1, 'ENSURE': 1, 'THAT': 1, 'PUBLIC': 2, 'HEALTH': 2, 'MEASURES': 1, 'ARE': 1, 'TARGETED': 1, 'INCREMENTAL': 1, 'AND': 1, 'RESPONSIVE': 1, 'HELP': 1, 'LIMIT': 1, 'SPREAD': 1, 'PLEASE': 1, 'VISIT': 1, 'HTTPSTCOC6GA3WUPEU': 1, 'CBRIDGE': 1, 'HTTPSTCOAEZUUENYFM': 1, 'LIVE': 1, 'GOVERNMENT': 1, 'UNVEILS': 1, 'PANDEMICERA': 1, 'BUDGET': 1, 'HTTPSTCOHOI5IRBJW8': 1, 'HTTPSTCOOVMMYFHLTZ': 1, 'WHAT': 1, 'TENDENTIOUS': 1, 'WAY': 1, 'NAMING': 1, 'VARIOUS': 1, 'LEVELS': 1, 'PROTECTION': 1, 'HTTPSTCOIVY0SJCS22': 1, 'IS': 1, 'QUEBECS': 1, 'TAKE': 1, 'ON': 1, 'CANADA‚ÄôS': 1, 'GUIDELINES': 1, '3LAYER': 1, 'MASKS': 1, 'AMP': 1, 'AIR': 1, 'DROPLETS': 1, 'HTTPSTCOAH89NR2G3E': 1, 'MONTREAL': 1, 'FALL': 2, 'COLOUR': 1, 'EDITION': 1, 'NOFILTER': 1, 'HAMONT': 1, 'LEAVES': 1, 'HAMILTON': 1, 'HTTPSTCOUFHNLEZUGW': 1, 'SCREW': 1, 'U': 1, 'ü•∂ü•∂ü•µGIRLSWHOLIFT': 1, 'GOODLIFE': 1, 'FITNESS': 1, 'STCATHARINES': 1, 'HTTPSTCOGCI5S08NPA': 1}"
Nov06,"{'ONTARIO': 2, 'CONFIRMS': 1, '1003': 1, 'NEW': 6, 'COVID': 2, 'CASES': 3, 'TODAY': 3, 'HTTPSTCOV3TMOXTLJG': 1, 'HTTPSTCOFKNXLRPFDP': 1, 'NEWS': 6, '': 10, 'TREE': 1, 'FOR': 2, 'BOSTON': 1, 'DEDICATED': 1, 'TO': 8, 'FRONTLINE': 1, 'HEALTHCARE': 2, 'WORKERS': 1, 'HTTPSTCO7KLLTEQRXI': 1, 'BRUNSWICK': 1, 'ONE': 1, 'COVID19': 11, 'CASE': 2, 'NOV': 2, '6': 1, 'HTTPSTCOSYV0FRB07Z': 1, 'CANADA': 7, 'UPDATES': 1, 'GUIDELINES': 2, 'ON': 3, 'RISK': 2, 'OF': 8, 'AIRBORNE': 1, 'SPREAD': 1, 'AMID': 2, 'AN': 2, 'ONGOING': 2, 'SECOND': 2, 'WAVE': 2, 'THE': 14, 'PANDEMIC': 1, 'HAS': 2, 'REVISED': 1, 'ITS': 1, 'HOW': 1, 'VIRUS': 1, 'SPREADS': 1, 'INCLUDE': 1, 'AIRBORNE‚Ä¶': 1, 'HTTPSTCO9HC1533B2R': 1, 'FEATURED': 3, 'HERES': 1, 'SITUATION': 1, 'IN': 4, 'TIMMINS': 2, 'HTTPSTCOY6FMQJ0YVV': 1, 'HTTPSTCOPA1P5GCXRK': 1, 'SPOOKY': 1, 'SZNQUARANTINE': 1, 'PHOTO': 1, 'DUMP': 1, 'FT': 1, 'CONCEITED': 1, 'SELFIES': 1, 'STOPTHECOUNT': 1, 'BUNKERBLONDE': 1, 'ITSALMOSTTHEENDOFTHEWORLD': 1, 'JUSTVIBES': 1, 'PUMPKINSPICEDDONALDDUCK': 1, 'FALL': 1, 'UPNORTH': 1, 'OLESATTHEWHEEL': 1, 'HTTPSTCOPUDV3FHZIX': 1, 'IS': 1, 'REGIONS': 1, '100TH': 1, 'HTTPSTCO81MASK84BI': 1, 'HTTPSTCO4H8P2T1LHJ': 1, 'WALK': 1, 'RAMSEYVILLE': 1, 'HTTPSTCOC9WB1RQYBJ': 1, 'SEE': 1, 'OUR': 3, 'LATEST': 1, 'NIAGARA': 1, 'FALLS': 1, 'JOB': 1, 'OPPORTUNITY': 1, 'AND': 4, 'CLICK': 1, 'LINK': 1, 'BIO': 1, 'APPLY': 1, 'PERSONAL': 1, 'SUPPORT': 1, 'WORKER': 1, 'HEALTH': 2, 'CARE': 1, 'TECHNICIAN': 1, 'DAYS': 1, 'EVENINGS': 1, 'NIGHTS': 1, 'INCLUDES': 1, 'WEEKENDS': 1, 'VARIOUS': 1, 'POSITIONS': 1, 'AT': 2, 'VON': 1, 'CAREGIVING': 1, 'HOME': 1, 'OFFICE': 1, 'SUNSET': 2, 'WORKINGFROMHOME': 1, 'PANDEMIC2020': 1, 'LOELLEN': 1, 'HTTPSTCOLY7OP6KADG': 1, 'WHAT': 1, 'A': 2, 'DAY': 1, 'THIS': 1, 'WAS': 2, 'I': 1, 'MISS': 1, 'LA': 1, 'CITYOFANGLES': 1, 'CANT': 1, 'WAIT': 1, 'BORDERS': 1, 'OPEN': 1, 'UP': 1, 'IMMA': 1, 'GET': 1, 'WET': 1, 'WILD': 1, 'OVER': 1, 'OTHER': 1, 'COUNTRIES': 1, 'RULES': 1, 'HUNTINGTON': 1, 'BEACH': 1, 'CALIFORNIA': 1, 'HTTPSTCOABG3775CLH': 1, 'POTENTIAL': 1, 'EXPOSURES': 1, 'HALIFAX': 1, 'BAR': 1, 'GROCERY': 1, 'STORE': 1, '2': 1, '3': 1, 'HTTPSTCO489UKOVUBX': 1, 'GLOBAL': 2, 'NEARING': 2, '48MN': 1, 'JOHNS': 2, 'HOPKINS': 2, 'OVERALL': 1, 'NUMBER': 1, 'CORONAVIRUS': 1, '48': 1, 'MILLION': 1, 'MARK': 1, 'WHILE': 1, 'DEATHS': 1, 'HAVE': 1, 'SURGED': 1, 'MORE': 1, 'THAN': 1, '1223450': 1, 'ACCORDING': 1, 'UNIVERSITY‚Ä¶': 1, 'HTTPSTCOFQKL7NPVWU': 1, 'CANADIANS': 1, 'URGED': 2, 'WEAR': 2, 'THREELAYER': 1, 'MASKS': 2, 'PUBLIC': 1, 'AGENCY': 1, 'CITIZENS': 1, 'COUNTRY': 1, 'FACE': 1, 'THAT': 1, 'ARE': 1, 'MADE': 1, 'THREE': 1, 'LAYERS': 1, 'INCLUDING': 1, 'FILTER': 1, 'THE‚Ä¶': 1, 'HTTPSTCOKOZQ7VCC02': 1, 'LOVE': 1, 'ONTARIOPLACE': 1, 'BRIDGE': 1, 'WALKWAY': 1, 'WHERE': 1, 'WE': 1, 'SHOWCASED': 1, 'COLLECTION': 1, 'FASHIONARTTORONTO': 1, 'FACEMASK': 1, 'FACESHIELD': 1, 'PLACE': 1, 'HTTPSTCO9BQL1ZC5PH': 1}"
Nov07,"{'COVID19': 9, 'HOW': 1, 'SEWAGE': 1, 'CAN': 2, 'HELP': 1, 'SCIENTISTS': 1, 'TRACK': 1, 'AND': 6, 'IDENTIFY': 1, 'DISEASES': 1, 'BEFORE': 1, 'THEY': 3, 'SPREAD': 1, 'HTTPSTCO24ELUFZEQE': 1, 'HTTPSTCOLKNPTLENZQ': 1, 'HAPPY': 1, 'COVID': 6, 'BDAY': 1, 'ü•≥': 1, 'HAPPYCOVIDBIRTHDAY': 1, 'HAPPYBIRTHDAY': 1, 'INVISALIGN': 1, 'BRACES': 1, 'IDB': 1, 'RETAINERS': 1, 'BESTSTAFF': 1, 'GOODVIBES': 1, 'FRIDAY': 1, 'PARTYTIME': 1, 'BRAMPTONONTARIO': 1, 'MISSISAUGA': 1, 'GTA': 1, 'BESTDOC': 1, '': 17, 'SMILEWORKS': 1, 'ORTHODONTICS': 1, 'HTTPSTCOB5TN0Z48AY': 1, 'LOL': 1, 'I': 1, 'THOUGHT': 1, 'IT': 5, 'WOULD': 1, 'BE': 3, 'HIM': 2, 'CATCHING': 1, 'BUT': 1, 'WAS': 2, 'TELLING': 1, 'HIS': 2, 'SUPPORTER': 1, 'NOT': 1, 'TO': 5, 'VOTE': 1, 'BY': 1, 'MAIL': 1, 'THIS': 1, 'THE': 7, 'FINAL': 1, 'SWORD': 1, 'üëâüèøüëâüèøüëâüèø': 1, 'POSTED': 1, 'WITHREGRAM': 1, '‚Ä¢': 1, 'SAINTHOAX': 1, 'YOU': 2, 'KEEP': 1, 'UP': 2, 'UNITED': 2, 'STATES': 2, 'HTTPSTCOIYASQXT8GC': 1, 'EMBROIDERY': 1, 'DETAILS': 1, 'HANDPAINTED': 1, 'SHIRT': 1, 'WITH': 5, 'BENTOBOX': 1, 'FACESHIELD': 1, 'FOR': 2, 'ONE': 2, 'OF': 4, 'OUR': 2, 'UNIQUE': 1, 'LOOKS': 2, 'FROM': 2, 'SS21': 1, 'FASHIONARTTORONTO': 1, 'ONTARIOPLACE': 1, 'ONTARIO': 6, 'PLACE': 1, 'HTTPSTCOO3VOR4ZG3Q': 1, 'ON': 4, 'B2B': 1, 'GREGDUROCHER': 1, 'CHATS': 1, 'RE': 1, 'BUDGET': 1, 'AMP': 2, 'US': 1, 'ELECTION': 1, 'RESULTS': 1, 'LAPRESSE': 1, 'JBELLAVA': 1, 'ALSO': 1, 'DTKITCHENER': 1, 'UPTOWNWATERLOO': 1, 'REPS': 1, 'ISSUE': 1, 'SHOPPING': 1, 'CHALLENGE': 1, 'COWANINSURANCE': 1, 'REP': 1, 'AT': 3, 'FINANCIAL': 1, 'WELLNESS': 1, 'TUNE': 1, '570NEWS': 1, 'SUNDAY': 1, 'NOON': 1, 'ALL': 1, 'THINGS': 1, 'BUSINESS': 1, 'HTTPSTCO65CTBSIAAV': 1, 'AG': 1, 'FUNDS': 1, 'NOW': 1, 'AVAILABLE': 1, 'ADDRESS': 1, 'CHALLENGES': 1, 'HTTPSTCOEG9JXGMDDK': 1, 'HTTPSTCOXX21FMTFUZ': 1, 'FILMMAKER': 2, 'SUDARSHAN': 2, 'RATTAN': 2, 'PASSES': 1, 'AWAY': 1, 'WHO': 2, 'DIRECTED': 1, 'MADHURI': 1, 'DIXIT': 1, 'IN': 4, '1986': 1, 'RELEASE': 1, 'MANAV': 1, 'HATYA': 1, 'REPORTEDLY': 1, 'SUCCUMBED': 1, 'THURSDAY': 1, 'ACTOR': 2, 'SHEKHAR': 1, 'SUMAN': 1, 'A': 6, 'CLOSE': 1, 'FRIEND': 1, 'LATE‚Ä¶': 1, 'HTTPSTCO8YHPZ4WEVI': 1, 'BOLLYWOOD': 2, 'ENTERTAINMENT': 2, 'BEYOND': 1, 'LOCAL': 1, 'DANGER': 1, 'EXCLUDING': 1, 'PREGNANT': 1, 'WOMEN': 1, 'VACCINE': 1, 'TRIALS': 1, 'HTTPSTCO8FI3K00K2U': 1, 'HTTPSTCOFTSO1H5MOD': 1, 'NEWS': 2, 'NEW': 5, 'BRUNSWICK': 1, '3': 1, 'CASES': 3, 'NOV': 1, '7': 1, 'HTTPSTCOB3ZVWNECQT': 1, 'SETS': 1, 'RECORD': 1, '1132': 1, 'PROVINCE': 1, 'HTTPSTCOOBO3TZDVMI': 1, 'HTTPSTCOF9D31KN97K': 1, 'YOUNGDAVIDSON': 1, 'MINE': 1, 'OUTBREAK': 1, 'FIVE': 1, 'HTTPSTCOYUP6NJAJWK': 1, 'HTTPSTCOFBXVBISJMQ': 1, 'LIFE': 1, 'IS': 2, 'DIFFERENT': 1, 'DOMINICA': 1, 'SOCIAL': 1, 'DISTANCING': 1, 'JUST': 1, 'METER': 1, 'SEEMS': 1, 'ENOUGH': 1, 'WHILE': 1, 'ARE': 2, 'HERE': 1, 'PUNTA': 1, 'CANA': 1, 'HTTPSTCOGHYVGNOEDX': 1, 'BATTLE': 2, 'SCENE': 2, '2': 1, 'MAJOR': 2, 'SOUNDWAVE': 1, 'TRYPTICON': 1, 'FEATURING': 2, 'BUMBLEBEE': 1, 'THUNDERCRACKER': 1, 'LOCKDOWN': 2, 'ANGRYBIRDSTRANSFORMERS': 2, 'ANGRYBIRDS': 2, 'TRANSFORMERS': 2, 'DECEPTICONS': 2, 'AUTOBOTS': 2, 'SOUNDWAVESUPERIOR': 1, 'IOSGAMES': 2, 'HTTPSTCOEXTHCM4LKF': 1, 'BIKE': 1, 'TODAY': 1, 'OTTAWA': 1, 'HTTPSTCORR6OPS7OUG': 1, 'GOT': 3, 'FIRED': 1, 'EVICTED': 1, 'DONVID45': 1, 'AUTOBIOGRAPHY': 1, 'AMERICA': 1, 'HTTPSTCOLTASIBBEUO': 1, 'PSA': 1, 'WEAR': 1, 'MASK': 1, 'SILLY': 1, 'HOOMANS': 1, 'KNOTTYOTTERCREATIONS': 1, 'WEARAMASK': 2, 'WEARAMASKüò∑': 1, 'MASKSSAVELIVES': 1, 'THEADVENTURESOFKISMET': 1, 'PUGGLESOFINSTAGRAM': 1, 'PUGGLELOVE': 1, 'PUGGLESNUGGLE': 1, 'PUGGLESINMASKS': 1, 'ST': 1, 'THOMAS': 1, 'HTTPSTCOSM5W2F83Q6': 1, 'GETTING': 1, 'WEIRDER': 1, 'EACH': 1, 'TIME': 1, 'REOPEN': 1, 'LIKE': 1, 'DON‚ÄôT': 1, 'EVEN': 2, 'HAVE': 1, 'CLUE': 1, 'ABOUT': 1, 'RUNNING': 1, 'GYM': 1, 'OR': 1, 'THEIR': 1, 'MOST': 1, 'DEVOTED': 1, 'CUSTOMERS': 1, 'POSTLOCKDOWN': 1, 'PLANET': 1, 'FITNESS': 1, 'HTTPSTCOUSEM7IYH97': 1, 'WHEN': 1, 'PET': 1, 'STORE': 1, 'SELLS': 1, 'FACE': 1, 'MASKS': 1, 'MUST': 1, 'MARKED': 1, 'AS': 1, 'HUMAN': 1, 'SURREY': 1, 'BRITISH': 1, 'COLUMBIA': 1, 'HTTPSTCOWIHJMMM0LF': 1, '1': 1, 'PROWL': 1, 'RATCHET': 1, 'SCORPONOK': 1, 'GRIMLOCK': 1, 'DINOBOTS': 1, 'TORONTO': 1, 'HTTPSTCOPQFFHXVW6D': 1, 'ANUPAM': 2, 'KHER': 2, 'ANNOUNCES': 1, 'BOOK': 2, 'EXPERIENCES': 2, 'HAS': 2, 'PENNED': 1, 'DURING': 1, 'PANDEMIC': 2, 'WHICH': 1, 'HE': 1, 'SAYS': 1, 'WILL': 1, 'RELEASED': 1, 'SOON': 1, '‚ÄúTHE': 1, 'CHANGED': 1, 'LIVES': 1, 'FOREVER': 1, 'HAS‚Ä¶': 1, 'HTTPSTCOALWMIRJSCC': 1, 'POTENTIAL': 1, 'EXPOSURES': 1, 'SIX': 1, 'LOCATIONS': 1, 'HRM': 1, 'HTTPSTCOHF13SREOY5': 1}"
Nov08,"{'A': 4, 'NOVA': 1, 'CHIU': 1, 'WEDDINGDRESS': 1, '': 9, 'TURQUOISE': 1, 'HOODIE': 1, 'WOOLCOAT': 1, 'AND': 4, 'FACESHIELD': 1, 'FOR': 6, 'THIS': 4, 'SPECIAL': 1, 'TIMEFASHIONARTTORONTO': 1, 'ONTARIOPLACE': 1, 'ONTARIO': 3, 'PLACE': 1, 'HTTPSTCOGNILDWWDHE': 1, 'PANDEMIC': 1, 'VISIT': 1, 'TO': 12, 'ALI‚ÄôS': 1, 'SPIRITUAL': 1, 'GRANDPARENTS': 1, 'ALWAYS': 1, 'THE': 9, 'BEST': 1, 'INSPIRATION': 1, 'ALL': 2, 'FAMILY': 1, 'LOVE': 1, 'MENTOR': 1, 'GOODINFLUENCE': 1, 'NOW': 1, 'LIVE': 1, 'SOCIALDISTANCING': 1, 'COVID19': 6, 'CHILDHAVEN': 1, 'CHILDHAVENINTERNATIONAL': 1, 'HTTPSTCOZTDNDYPJVS': 1, 'WITH': 2, 'NEW': 2, 'RESTRICTIONS': 1, 'IN': 10, 'METRO': 1, 'VANCOUVER': 1, 'MAY': 1, 'POSSIBLY': 1, 'BE': 3, 'LAST': 1, 'TIME': 1, 'MY': 1, 'CHILDREN': 1, 'GET': 1, 'PLAY': 1, 'PLAYGROUND': 1, 'YEAR': 1, 'ELEMENTARY': 1, 'SCHOOL': 1, 'LORD': 1, 'BADEN': 1, 'POWER': 1, 'HTTPSTCOOC82GO1LCR': 1, 'ON': 2, 'B2B': 1, 'GREGDUROCHER': 1, 'CHATS': 1, 'RE': 1, 'BUDGET': 1, 'AMP': 2, 'US': 2, 'ELECTION': 1, 'RESULTS': 1, 'LAPRESSE': 1, 'JBELLAVA': 1, 'ALSO': 1, 'DTKITCHENER': 1, 'UPTOWNWATERLOO': 1, 'REPS': 1, 'ISSUE': 1, 'SHOPPING': 1, 'CHALLENGE': 1, 'COWANINSURANCE': 1, 'REP': 1, 'LOOKS': 1, 'AT': 5, 'FINANCIAL': 1, 'WELLNESS': 1, 'TUNE': 1, '570NEWS': 1, 'TODAY': 1, 'NOON': 1, 'THINGS': 1, 'BUSINESS': 1, 'HTTPSTCOZBA51DAYAX': 1, 'REMOTE': 1, 'WORK': 3, 'REQUIRES': 1, 'RECONSIDERING': 1, 'HOW': 2, 'EMPLOYEES': 1, 'ARE': 1, 'EVALUATED': 1, 'PAID': 1, 'HTTPSTCO6FF54LXC5O': 1, 'HTTPSTCORCDWNSCZW5': 1, 'IMMIGRATION': 3, 'WILL': 1, 'DRIVE': 1, 'CANADA‚ÄôS': 1, 'GROWTH': 1, 'OTTAWA': 1, '2021‚Äí2023': 1, 'LEVELS': 1, 'PLAN': 1, 'TABLED': 1, 'HOUSE': 1, 'OF': 2, 'COMMONS': 1, 'SETS': 1, 'OUT': 1, 'PATH': 1, 'RESPONSIBLE': 1, 'INCREASES': 1, 'TARGETS': 1, 'HELP': 1, 'CANADIAN': 1, 'ECONOMY': 1, 'RECOVER': 1, 'FROM': 3, 'COVID19‚Ä¶': 1, 'HTTPSTCOEMPGCNY5NX': 1, 'CANADA': 3, 'FEATURED': 1, 'CHRISTIAN': 1, 'DUB√â': 1, 'SHARED': 1, 'DATA': 1, 'SHOWING': 1, 'QUEBECS': 1, 'WORRISOME': 1, 'RISE': 1, 'CASES': 4, 'SINCE': 1, 'NOV': 1, '1': 1, 'HTTPSTCOKZMVCBWYFT': 1, 'NEWS': 2, 'WERE': 1, 'HIRING': 1, 'VICTORIA': 1, 'BC': 1, 'CLICK': 2, 'LINK': 2, 'OUR': 3, 'BIO': 2, 'APPLY': 2, 'JOB': 3, 'MORE': 1, 'RN': 1, 'REGISTERED': 2, 'NURSE': 2, 'COVID': 3, 'COMPLIANCE': 1, 'OFFICER': 1, 'ENTERTAINMENT': 1, 'PRODUCTION': 1, 'MEDCOR': 1, 'NURSING': 1, 'LOCKDOWN': 1, 'CAN‚ÄôT': 1, 'STOP': 1, 'BEING': 1, 'EXTRA': 1, 'üòå': 1, 'MILTON': 1, 'KEYNES': 1, 'HTTPSTCOFDBRWMVYEI': 1, 'NUMBER': 1, 'SOARS': 1, 'RECORD': 1, '1328': 1, 'HTTPSTCOGORPZYLN0V': 1, 'HTTPSTCO7HIF6WSPCD': 1, 'LOOKING': 1, 'SCORE': 1, 'KINGSTON': 1, 'HEALTH': 1, 'SCIENCES': 1, 'CENTRE': 2, 'YOURE': 1, 'LUCK': 1, 'DESCRIPTION': 1, 'INFORMATION': 1, 'ASSESSMENT': 1, 'CASUAL': 1, 'YGK': 1, 'QUEBEC': 1, 'JUST': 1, 'REPORTED': 1, 'ITS': 1, 'HIGHEST': 1, 'DAILY': 1, 'INCREASE': 1, 'EVER': 1, 'HTTPSTCOAEAFV0WSFP': 1, 'WISE': 1, 'WORDS': 1, 'ANDREWGIBBY': 1, 'THERE': 1, 'IS': 1, 'DONE': 2, 'BY': 1, 'SOUTHERN': 1, 'NEIGHBOURS': 1, 'HERE': 1, 'HOME': 1, 'TOO': 1, 'ANTIRACISM': 1, 'SYSTEMICRACISM': 1, 'LOVENOTHATE': 1, 'INDIGENOUSRIGHTSAREHUMANRIGHTS': 1, 'BLACKLIVESMATTER': 1, 'HTTPSTCOYTVVY8FHAQ': 1}"
Nov09,"{'HER': 1, 'MAJESTY': 1, 'QUEEN': 1, 'ELIZABETH': 1, 'II': 1, 'MAKING': 1, 'A': 1, 'FIRST': 1, 'COVID19': 6, 'PUBLIC': 1, 'APPEARANCE': 1, 'WITH': 1, 'MASK': 1, 'IN': 5, 'HONOUR': 1, 'OF': 2, 'REMEMBRANCE': 1, 'DAY': 1, 'SUNDAY': 1, '': 5, 'NIAGARA': 1, 'ONTARIO': 3, 'HTTPSTCO99MQDNYMB3': 1, 'STARTED': 1, 'THIS': 2, 'STUDY': 1, 'TODAYANYTHING': 1, 'TO': 1, 'HELP': 1, 'OUTCOVID19': 1, 'STOPCOVID19': 1, 'RIVERSIDE': 1, 'CAMPUS': 1, 'THE': 6, 'OTTAWA': 1, 'HOSPITAL': 1, 'HTTPSTCOHXMQH10JIS': 1, 'BATTLE': 1, 'SCENE': 1, 'SUPERION': 1, 'AND': 2, 'STARSCREAM': 1, 'FEATURING': 1, 'LOCKDOWN': 1, 'GRIMLOCK': 1, 'IRONHIDE': 1, 'ANGRYBIRDSTRANSFORMERS': 1, 'ANGRYBIRDS': 1, 'TRANSFORMERS': 1, 'AUTOBOTS': 1, 'DECEPTICONS': 1, 'AERIALBOTS': 1, 'IOSGAMES': 1, 'TORONTO': 1, 'HTTPSTCOKKBJXDT6I1': 1, 'PROVINCE': 1, 'CONFIRMS': 1, '1242': 1, 'NEW': 2, 'CASES': 1, 'TODAY': 2, 'HTTPSTCOBVOVQG34TU': 1, 'HTTPSTCOZUDBNIMN4H': 1, 'PORTER': 1, 'AIRLINES': 1, 'WONT': 1, 'FLY': 1, 'BEFORE': 1, 'FEB': 1, '11': 1, 'HTTPSTCOAJNIBDNWGW': 1, 'HTTPSTCO1VU7T6AYLW': 1, 'CASE': 1, 'REPORTED': 1, 'TIMMINS': 1, 'HTTPSTCOGDATJSBHN9': 1, 'HTTPSTCOWJ8HBXPUXO': 1, 'COVID': 1, 'BIKE': 1, 'VANIER': 1, 'SUGAR': 1, 'SHACK': 1, 'HTTPSTCO9JQMIWYHJR': 1, 'SITUATION': 1, 'SAGUENAY‚ÄìLACSAINTJEAN': 1, 'IS': 2, 'SERIOUS': 1, 'RIGHT': 1, 'NOW': 1, 'AMP': 1, 'COULD': 1, 'GET': 1, 'WORSE': 1, 'HTTPSTCOAULWLD4JM3': 1, 'NEWS': 1, 'MONTREAL': 1, 'IF': 1, 'YOURE': 1, 'LOOKING': 1, 'FOR': 1, 'WORK': 1, 'ST': 1, 'CATHARINES': 1, 'ON': 2, 'CANADA': 2, 'CHECK': 1, 'OUT': 1, 'HEALTHCARE': 1, 'JOB': 1, 'VIA': 1, 'LINK': 1, 'OUR': 1, 'BIO': 1, 'PERSONAL': 1, 'SUPPORT': 1, 'WORKER': 1, 'HEALTH': 2, 'CARE': 1, 'TECHNICIAN': 1, 'DAYS': 1, 'EVENINGS': 1, 'NIGHTS': 1, 'INCLUDES': 1, 'WEEKENDS': 1, 'VARIOUS': 1, 'POSITIONS': 1, 'AT': 1, 'VON': 1, 'CAREGIVING': 1, 'KEEPING': 1, 'HOME': 1, 'FIRES': 1, 'BURNING': 1, '3ACRESFARM': 1, 'SHELTERINPLACES': 1, 'HOMESWEETHOME': 1, 'RIDGEVILLE': 1, 'HTTPSTCOZUR4TNZX8P': 1, 'UNPRECEDENTED': 1, 'TOLL': 1, 'PANDEMIC': 1, 'TAKING': 1, 'MENTAL': 1, 'HTTPSTCOMMFT1CHWBP': 1, 'HTTPSTCO7TJVFG8LVA': 1}"
Nov10,"{'MY': 3, 'MOM': 1, 'SERVED': 1, 'THIS': 2, 'AT': 7, 'DINNER': 1, 'IT‚ÄôS': 1, 'AN': 4, 'EXOTIC': 1, 'TYPE': 1, 'OF': 13, 'CAULIFLOWER': 1, 'DAD': 1, 'SAID': 3, 'IT': 6, 'LOOKS': 1, 'LIKE': 1, 'A': 8, 'BLOWUP': 1, 'IMAGE': 1, 'THE': 19, 'CORONAVIRUS': 3, 'I': 3, 'THINK': 1, 'HE': 1, 'SHOULD': 1, 'DO': 1, 'OPEN': 1, 'MIC': 1, 'STAND': 1, 'UP': 3, 'COMEDY': 1, 'TO': 18, 'GET': 1, 'THESE': 2, 'JOKES': 1, 'MORE': 3, 'PRODUCTIVE': 1, 'PLACE': 2, 'HTTPSTCOBPL3ZOQF0T': 1, 'COVID': 6, 'SIDE': 1, 'THERE': 1, 'IS': 5, 'NO': 1, 'NEED': 1, 'FOR': 12, 'EXCUSES': 1, 'THOSE': 1, 'STAY': 1, 'HOME': 1, 'DAYS': 1, 'ANYMORE': 1, '': 7, 'POCKET': 1, 'TORONTO': 3, 'HTTPSTCOE7FVFCDYJY': 1, 'I‚ÄôM': 1, 'GOING': 1, 'BUILD': 1, 'GIANT': 1, 'TENT': 1, 'NEXT': 3, 'SKYDOME': 1, 'AND': 15, 'HIRE': 1, 'MOTLEY': 1, 'CR√úE': 1, 'MASKS': 1, 'HAND': 2, 'SANITIZER': 2, 'MANDATORY': 1, 'LOTS': 2, 'SOMEWHERE': 1, 'IN': 11, 'CANADA': 7, 'HTTPSTCOKGFDQYOZH7': 1, 'EU': 1, 'REAFFIRM': 1, 'EFFORTS': 2, 'ON': 7, 'COVID19': 17, 'HUMAN': 1, 'RIGHTS': 1, 'DEMOCRACY': 1, 'AMP': 3, 'TECHNOLOGY': 1, 'OTTAWA': 1, 'EUROPEAN': 1, 'UNION': 2, 'HAVE': 4, 'REAFFIRMED': 1, 'THEIR': 1, 'DETERMINATION': 1, 'CONTINUE': 2, 'JOINT': 1, 'OVERCOME': 1, 'PANDEMIC': 3, 'KEEPING': 1, 'WITH‚Ä¶': 1, 'HTTPSTCOBQ8B9WFODN': 1, 'FEATURED': 3, 'HEALTH': 5, 'MINISTER': 3, 'OUTLINES': 1, 'VACCINE': 3, 'PRIORITY': 1, 'GROUPS': 1, 'HTTPSTCO1VRPSENJDL': 1, 'HTTPSTCOBSYPVULX3S': 1, 'ONTARIO': 1, 'CONFIRMS': 1, '1388': 1, 'NEW': 3, 'CASES': 8, 'TODAY': 2, 'HTTPSTCO2C0DYLPBQO': 1, 'HTTPSTCOGNTZPOVSAJ': 1, 'LIVE': 1, 'PRIME': 1, 'JUSTIN': 1, 'TRUDEAU': 1, 'PROVIDES': 1, 'UPDATE': 1, 'HTTPSTCOQDYW8IYEVM': 1, 'HTTPSTCOLT1K4XIG8N': 1, 'MOOSE': 1, 'FACTORY': 1, 'KAPUSKASING': 1, 'RECEIVING': 1, 'FUNDING': 1, 'HOSPITAL': 1, 'BEDS': 1, 'HTTPSTCOIETSATMTNL': 1, 'HTTPSTCOWNG0M0GCJK': 1, 'LEGAULT': 2, 'CONFIRMED': 1, 'PARTIAL': 1, 'LOCKDOWN': 1, 'WILL': 2, 'LEAST': 1, '2': 1, 'WEEKS': 1, 'HTTPSTCOFF94PJPPYU': 1, 'NEWS': 5, 'OSLER': 3, 'EXPANDS': 1, 'FLU': 2, 'CLINIC': 2, 'HOURS': 2, 'BRAMPTON': 1, 'WILLIAM': 1, 'SYSTEM': 2, 'HAS': 6, 'INCREASED': 1, 'OPERATION': 1, 'ITS': 1, 'COLD': 1, 'LOCATED': 1, 'PEEL': 1, 'MEMORIAL': 1, 'CENTRE': 1, 'INTEGRATED‚Ä¶': 1, 'HTTPSTCOA2ICXXFEZG': 1, 'COMMUNITY': 1, 'COMMUNITYNEWS': 1, 'SEEN': 1, 'FRONT': 1, 'YARD': 1, 'GILLARD': 1, 'AVENUE': 1, 'EXPERIENCES': 1, 'FEELINGS': 1, 'TRANSFORMED': 1, 'INTO': 1, 'ART': 1, 'INSTALLATION': 1, 'CANADADURINGCOVID': 1, 'EAST': 1, 'DANFORTH': 1, 'HTTPSTCOIJP46BVHMG': 1, 'OUR': 3, 'COURAGEOUS': 1, 'COMPASSIONATE': 1, 'NURSING': 2, 'HEROES': 1, 'STEPPED': 1, 'CHAMPION': 1, 'QUALITY': 1, 'LIFE': 1, 'SENIORS': 1, 'DURING': 3, 'CELEBRATION': 1, 'NURSES': 1, 'WEEK': 1, '2020': 1, 'WE': 2, 'EXPRESS': 1, 'DEEP': 1, 'APPRECIATION': 1, 'YOU': 1, 'JOIN': 2, 'US': 2, 'APPLY': 2, 'HEROESWEARORANGE': 1, 'HTTPSTCOEUWHNTF5FH': 1, 'CASE': 1, 'SURGE': 1, 'CAN': 1, 'HAPPEN': 1, 'ANY': 1, 'TIME': 1, 'WITHOUT': 1, 'WARNING': 1, 'HTTPSTCO44BJOMJROR': 1, 'HTTPSTCOQEKO8IGW1P': 1, 'RATED': 1, 'QUEBEC': 1, 'REGIONS': 1, 'FROM': 1, 'GOOD': 1, 'STABLE': 1, 'BAD': 1, 'BASED': 1, 'CURRENT': 2, 'HTTPSTCOWWWPJJPAGO': 1, 'MONTREAL': 2, 'WEDNESDAY': 1, 'CHAMBER': 1, 'CHAT': 1, 'LOOK': 1, 'COLOURCODED': 1, 'FRAMEWORK': 1, 'REGARDING': 1, 'RESTRICTIONS': 4, 'WHAT': 2, 'MEANS': 1, 'BUSINESSES': 1, 'RUNS': 1, '910': 1, 'AM': 1, 'VISIT': 1, 'HTTPSTCOHQOLRTF3FL': 1, 'REGIONWATERLOO': 1, 'CITYOFCAMBRIDGE': 1, 'SMALLBUSINESS': 1, 'HTTPSTCOOM6IDGTXWN': 1, 'VON': 1, 'HIRING': 1, 'NIAGARAFALLS': 1, 'CLICK': 1, 'LINK': 1, 'BIO': 1, 'PERSONAL': 1, 'SUPPORT': 1, 'WORKER': 1, 'CARE': 1, 'TECHNICIAN': 1, 'PEDIATRICPALLIATIVE': 1, 'NIGHTS': 1, 'INCLUDING': 1, 'WEEKENDS': 1, 'RFT': 1, '10': 1, 'CAREGIVING': 1, 'DELHI': 1, 'REPORTS': 1, 'HIGHEST': 1, 'SINGLEDAY': 1, 'SPIKE': 1, '7830': 2, 'NUMBER': 1, 'SHATTERED': 1, 'ALL': 2, 'RECORDS': 1, 'NATIONAL': 1, 'CAPITAL': 1, 'AS': 3, 'REPORTED': 1, 'MANY': 1, 'TUESDAY': 1, 'ALLTIME': 1, 'HIGH': 1, 'POSITIVITY': 1, 'RATE': 1, 'OF‚Ä¶': 1, 'HTTPSTCOI61EFIC8VN': 1, 'INDIA': 5, 'FURTHER': 2, 'RELAXES': 1, 'TRAVEL': 2, 'VISA': 2, 'GOVERNMENT': 1, 'RELAXED': 1, '19': 1, 'SITUATION': 1, 'CONSULATEGENERAL': 1, 'RELAXATION‚Ä¶': 1, 'HTTPSTCORGRBJHWBR8': 1, 'IMMIGRATION': 1, 'MONTREALERS': 1, 'AGED': 1, '1019': 1, 'BEEN': 1, 'SEEING': 1, 'MOST': 1, 'ASKED': 1, 'CIUSSS': 1, 'ABOUT': 1, 'HTTPSTCO6DLJGPFZ20': 1, 'LOBBY': 1, 'GROUP': 1, 'WANTS': 1, 'TRANSPARENCY': 1, 'REPORTING': 1, 'HTTPSTCOZFAFHRJKZH': 1, 'HTTPSTCOD3BMBQEOOQ': 1, 'OPPORTUNITY': 1, 'IMPROVE': 1, 'URBAN': 3, 'MOBILITY': 2, 'TRANSPORT': 2, 'HARDEEP': 2, 'PURI': 2, 'INDIA‚ÄôS': 1, 'LIKELY': 1, 'CHANGE': 1, 'AFTER': 1, 'EPIDEMIC': 1, 'HOUSING': 1, 'AFFAIRS': 1, 'SINGH': 1, 'AT‚Ä¶': 1, 'HTTPSTCOXPF2BKMAK2': 1, 'DAIRY': 1, 'QUEEN': 1, 'CHELMSFORD': 1, 'TEMPORARILY': 1, 'CLOSES': 1, 'DINEIN': 1, 'SERVICE': 1, 'HTTPSTCO1XDDVNUGNC': 1, 'HTTPSTCOOJ72OEXOVY': 1, 'SO': 3, 'PFIZER': 1, '90': 2, 'EFFECTIVE': 1, 'HAPPENS': 1, 'STOCK': 1, 'MARKETS': 1, 'ARE': 3, 'BOOMING': 1, 'SCIENTISTS': 1, 'HAILING': 1, 'PFIZER‚ÄôS': 1, 'WHICH': 1, 'SHOWN': 1, 'PERCENT': 1, 'EFFECTIVENESS': 1, 'CORPORATES': 1, 'ALREADY': 1, 'IMAGINING': 1, 'SUNNY': 1, 'PROSPECT': 1, 'A‚Ä¶': 1, 'HTTPSTCOIGSQ2MS984': 1, 'SCIENCE': 1, 'GUADALUPEGOMEZRODRIZ': 1, 'BINGE': 1, 'WATCHED': 1, 'ENTIRE': 1, 'SCHITTSCREEK': 1, 'SERIES': 1, 'WHILE': 2, 'QUARANTINE': 1, 'TOOK': 1, 'HIM': 1, 'TOUR': 1, 'SEE': 1, 'WHERE': 1, 'HAPPENED': 1, '‚ò∫Ô∏è': 1, 'SCHITTS': 1, 'CREEK': 1, 'HTTPSTCOSDL4DTFLUE': 1, 'GLAD': 1, 'SAFE': 1, 'WORKOUT': 1, 'ONE': 2, 'PRIVATE': 1, 'TRAINING': 1, 'SWEAT22STUDIO': 1, 'THANKS': 1, 'CONTINUING': 1, 'KICK': 1, 'BUTT': 1, 'KARANAF': 1, 'MARINASIDE': 1, 'CRESCENT': 1, 'VANCOUVERBC': 1, 'HTTPSTCOFACAE9IP5J': 1, 'CANADA‚ÄôS': 2, 'SURPASS': 1, '260000': 1, 'MARK': 1, 'AMID': 1, 'SECOND': 1, 'WAVE': 1, 'OVERALL': 1, 'CASELOAD': 1, 'SURGED': 1, '264045': 1, 'DEATH': 1, 'TOLL': 1, 'STOOD': 1, '10522': 1, 'ACCORDING': 1, 'AUTHORITIES': 1, 'THERE‚Ä¶': 1, 'HTTPSTCOWYFAMYUM7H': 1}"
Nov11,"{'CANADA': 3, 'FEWER': 1, 'PEOPLE': 1, 'PLAN': 1, 'TO': 11, 'ATTEND': 1, 'VIRTUAL': 1, 'OR': 1, 'INPERSON': 1, 'REMEMBRANCE': 1, 'DAY': 1, 'CEREMONIES': 1, 'POLL': 1, 'SAYS': 1, 'HTTPSTCOMIDADROL7B': 1, 'HTTPSTCO2KSETG3GHA': 1, 'THIS': 5, 'PERSON': 1, 'DIDNT': 1, 'WEARAMASK': 1, 'AT': 2, 'STURGIS': 1, '': 10, 'CAMPBELL': 1, 'RIVER': 1, 'HTTPSTCOAVFQOW2WZP': 1, 'HOPEFULLY': 1, 'NOT': 1, 'THE': 5, 'LAST': 2, 'DINNER': 2, 'BEFORE': 1, 'RESTRICTIONS': 1, 'TAKE': 1, 'PLACE': 1, 'IN': 3, 'COVID': 4, 'WORLD': 2, 'GREAT': 2, 'GIOVANNISITALIANPIZZABAR': 1, 'GIOVANNI‚ÄôS': 1, 'ITALIAN': 1, 'KITCHEN': 1, 'AND': 3, 'PIZZA': 1, 'BAR': 1, 'HTTPSTCOPEFJYXPNEZ': 1, 'WALK': 1, 'TODAY': 3, 'RIVERVIEW': 1, 'HTTPSTCOBNAFEUJOVO': 1, 'ABOUT': 1, 'SHOOT': 1, 'MY': 1, 'SCENE': 1, 'FOR': 1, 'SEASON': 1, 'THEN': 1, 'THAT‚ÄôS': 1, 'A': 6, 'WRAP': 1, 'ON': 3, 'FAITH': 1, 'THANK': 1, 'YOU': 2, 'EVERYONE': 1, 'WE': 4, 'DID': 1, 'IT': 1, 'AMP': 1, 'PANDEMIC': 3, 'BOOT': 1, 'XOX': 1, 'HEARTIES': 1, 'SEASON8': 1, 'üò∑üíó': 1, 'HOPE': 1, 'VALLEY': 1, 'HTTPSTCOGO14VLSEWP': 1, 'HEALTH': 1, 'UNIT': 1, 'REPORTS': 3, '102ND': 1, 'COVID19': 7, 'CASE': 1, 'HTTPSTCO0FWGBZ1MVE': 1, 'HTTPSTCOTE4YUZSKJV': 1, 'ONTARIO': 2, '1426': 2, 'NEW': 2, 'CASES': 2, 'OF': 4, 'HTTPSTCO1Q6M1OKSDR': 1, 'HTTPSTCO9O6D2JZ1Y3': 1, 'HTTPSTCOHPF8YLYPXR': 1, 'HTTPSTCORPJVMDV845': 1, 'TMLITTLEWOOD': 1, 'ALEXFITZBLACK': 1, 'ALSO': 1, 'THERE‚ÄôS': 1, 'GOING': 1, 'I': 2, 'DON‚ÄôT': 2, 'HAVE': 2, 'POPPY': 1, 'YEAR': 2, 'BUT': 1, 'BASICALLY': 1, 'GO': 1, 'INTO': 1, 'STORES': 1, 'IS': 1, 'BIT': 1, 'AN': 1, 'EXCEPTION': 1, 'TIMES': 1, 'MGA': 1, 'CHAMPIONSHIP': 1, 'MISSING': 1, 'ALL': 2, 'WEEKEND': 1, 'AS': 2, 'LIVE': 1, 'THROUGH': 1, '2020': 1, 'ü§¨ü§¨ü§¨': 1, 'MGATOUR': 1, 'YELLOWKNIFEMGA': 1, 'MEDIOCREGOLFASSOCIATION': 1, 'REVERE': 1, 'GOLF': 1, 'CLUB': 1, 'HTTPSTCOIYMKJGZSDO': 1, 'BUSINESS': 4, 'BEYOND': 4, 'WEBINAR': 4, 'STRATEGIC': 2, 'ACTION': 2, 'PLANNING': 2, 'HTTPSTCOWLYPCXDNCG': 1, 'CONNECTING': 1, 'CANADIANS': 2, 'HIGHSPEED': 1, 'INTERNET': 2, 'CONTINUE': 1, 'DEAL': 1, 'WITH': 1, 'GLOBAL': 1, 'NEEDED': 1, 'RELY': 1, 'HELP': 1, 'CONNECT': 1, 'THEM': 1, 'WORK': 1, 'SCHOOL': 1, 'GOVERNMENT': 1, 'RESOURCES': 1, 'LOVED': 1, 'ONES‚Ä¶': 1, 'HTTPSTCOOYCQR69UUW': 1, 'FEATURED': 1, 'NEWS': 1, 'HTTPSTCOK83CXZK7RY': 1, 'TALKED': 1, 'MONTREAL': 2, 'ASTROLOGER': 1, 'PREDICT': 1, 'EACH': 1, 'ZODIAC': 1, 'SIGNS': 1, 'NEXT': 1, '2': 1, 'WEEKS': 1, 'LOCKDOWN': 1, 'HTTPSTCOHLJMKUXRSL': 1}"
Nov12,"{'A': 1, 'INTERESTING': 1, 'OUTFIT': 1, 'FROM': 1, 'OUR': 1, 'LATEST': 2, 'COLLECTION': 1, 'PLEATEDSKIRT': 1, '': 5, 'INSPIRED': 1, 'BY': 1, 'COVID19': 1, 'MEDICALMASK': 1, 'FACESHIELD': 1, 'WITH': 1, 'DIMSUN': 1, 'HANDBAGS': 1, 'AND': 1, 'SHOES': 1, 'ONTARIO': 3, 'PLACE': 1, 'HTTPSTCOHCOYMMRXEY': 1, 'MORE': 1, 'BANGAZ': 1, 'ARE': 1, 'ON': 1, 'THE': 1, 'WAY': 1, 'ZOMBIE': 1, 'PLUTO': 1, 'LOGO': 1, 'AFRICANSTYLE': 1, 'WESTCOAST': 1, 'HIPHOPMUSIC': 1, 'LIVEAUTHENTIC': 1, 'AFRO': 1, 'MADEINCANADA': 1, 'BANGALORE': 1, 'LOCKDOWN': 2, 'LOCKBOXSTUDIO4LIFE': 1, 'LOCKBOX': 1, 'STUDIO': 1, 'HTTPSTCOM7SNLHMLZN': 1, 'ORANGE': 1, 'CHICKEN': 1, 'PRE': 1, 'DINNER': 1, 'WINNIPEG': 1, 'MANITOBA': 1, 'HTTPSTCO3IWBWIO9BL': 1, 'MY': 1, 'TIKTOK': 1, 'RISING': 1, 'COVID': 1, 'CASES': 1, 'IN': 1, 'üòÅ': 1, 'MISSISSAUGA': 1, 'HTTPSTCO9BHOQJXJA0': 1}"
