1,78,COVID19 FEATURED
2,60,OF THE
3,59,IN THE
4,52,INDIA NEWS
5,45,FEATURED INDIA
6,38, 
7,38,SOCIAL DISTANCING
8,37,THE PANDEMIC
9,34,TO THE
10,33,NEW DELHI
11,30, TORONTO
12,30,TORONTO ONTARIO
13,29,OF COVID19
14,28,DUE TO
15,28,WITH THE
16,27,COVID19 
17,27,FOR THE
18,27,TO BE
19,25,COVID19 CASES
20,25,FEATURED NEWS
21,23,WE ARE
22,23,WILL BE
23,21,AND THE
24,21,BOLLYWOOD ENTERTAINMENT
25,21,ON THE
26,21,THE COVID19
27,20,A PANDEMIC
28,20,COVID19 PANDEMIC
29,20,HAS BEEN
30,20,TO GET
31,18,DURING THE
32,18,IN A
33,18,NEW COVID19
34,18,WITH A
35,17,FROM THE
36,17,IN TIMMINS
37,16,ALL THE
38,16,PANDEMIC AND
39,16,THE DAY
40,15,IF YOU
41,14,AND I
42,14,BACK TO
43,14,IS A
44,13,AT THE
45,13,COVID 19
46,13,COVID19 HERES
47,13,FOR A
48,13,HAVE BEEN
49,13,IN ONTARIO
50,13,TO COVID19
51,13,TO HELP
52,12, THE
53,12,AS THE
54,12,HERES THE
55,12,IN INDIA
56,12,IS THE
57,12,NEW DELHI\xa0
58,12,OF A
59,12,SITUATION IN
60,12,THE SITUATION
61,12,THIS IS
62,12,TIMMINS TODAY
63,11, I
64,11,DELHI \xa0THE
65,11,FEATURED HEALTH
66,11,IT WAS
67,11,NO NEW
68,11,THE FIRST
69,11,TO REOPEN
70,11,TODAY 
71,11,WANT TO
72,10,BECAUSE OF
73,10,BEEN A
74,10,BRITISH COLUMBIA
75,10,CASES OF
76,10,HAVE A
77,10,I AM
78,10,THE COVID
79,10,THE LOCKDOWN
80,10,THERE IS
81,10,THIS PANDEMIC
82,10,THIS YEAR
83,10,TIME TO
84,10,TO WORK
85,9,AND A
86,9,AND WE
87,9,GOING TO
88,9,HAND SANITIZER
89,9,IT IS
90,9,NEWS COVID19
91,9,OF MY
92,9,ONTARIO TODAY
93,9,POSITIVE FOR
94,9,THANK YOU
95,9,THE NEW
96,9,TO GO
97,9,TO SEE
98,9,WITH MY
99,8,A FEW
100,8,A GREAT
101,8,A LITTLE
102,8,A LOT
103,8,A NEW
104,8,ABLE TO
105,8,AMID THE
106,8,AND IT
107,8,COVID19 COVID19
108,8,CRICKET FEATURED
109,8,ESSENTIAL WORKER
110,8,FILL OUT
111,8,FROM HOME
112,8,I HAVE
113,8,I WILL
114,8,LAST WEEK
115,8,MORE THAN
116,8,NEED TO
117,8,NEW YORK
118,8,OF COVID
119,8,ONE OF
120,8,SINCE THE
121,8,TESTED POSITIVE
122,8,THE MOST
123,8,THE WORLD
124,8,TIME OF
125,8,TO ALL
126,8,WE HAD
127,8,WORKER OF
128,7,AFTER A
129,7,BE A
130,7,BE THE
131,7,BEFORE THE
132,7,BOLLYWOOD COVID19
133,7,CASES TODAY
134,7,CONFIRMED IN
135,7,CONTINUE TO
136,7,COVID19 CRICKET
137,7,COVID19 ENTERTAINMENT
138,7,DURING THIS
139,7,GET A
140,7,HAVE TO
141,7,HEALTH INDIA
142,7,HOW TO
143,7,I HAD
144,7,IN PLACE
145,7,IS OPEN
146,7,NEW CASES
147,7,NEW COVID
148,7,NEWS 
149,7,NEWS COVID
150,7,NEWS USA
151,7,ON SUNDAY
152,7,REPORTED IN
153,7,SAID THAT
154,7,THANKS TO
155,7,THE CORONAVIRUS
156,7,THE TIME
157,7,TO HAVE
158,7,UP WITH
159,7,WE CAN
160,6, BRAMPTON
161,6,A DAY
162,6,AS A
163,6,BACK IN
164,6,BRAMPTON ONTARIO
165,6,CORONAVIRUS PANDEMIC
166,6,COVID CASES
167,6,COVID19 CORONAVIRUS
168,6,DURING A
169,6,END OF
170,6,ENTERTAINMENT HEALTH
171,6,FEATURED ONTARIO
172,6,FIND OUT
173,6,HAD TO
174,6,I KNOW
175,6,IT HAS
176,6,ME 
177,6,NOVEL CORONAVIRUS
178,6,OF HEALTH
179,6,ON A
180,6,ON THURSDAY
181,6,ONTARIO REPORTS
182,6,OUT OF
183,6,PANDEMIC 
184,6,PART OF
185,6,READY FOR
186,6,THAT THE
187,6,THE ANNEX
188,6,THE WAY
189,6,TO KEEP
190,6,TO MY
191,6,WE WERE
192,6,WHAT A
193,6,WHEN YOU
194,6,WOULD BE
195,6,YOU TO
196,5, VANCOUVER
197,5,A BIT
198,5,A GOOD
199,5,ABOUT THE
200,5,ALL OF
201,5,AND MORE
202,5,ARE OPEN
203,5,ARE STILL
204,5,AS WE
205,5,AT HOME
206,5,BECAUSE I
207,5,BUSINESSES AND
208,5,BUT I
209,5,CANADA COVID19
210,5,CASES CONFIRMED
211,5,CASES REPORTED
212,5,CHECK OUT
213,5,COVID AND
214,5,COVID WALK
215,5,COVID19 AND
216,5,COVID19 DELHI
217,5,COVID19 POSITIVE
218,5,DELHI FEATURED
219,5,DISTANCING AND
220,5,FIRST TIME
221,5,FOR COVID19
222,5,FOR MY
223,5,GOING ON
224,5,GOOD MORNING
225,5,HAD A
226,5,HAPPY TO
227,5,HARD TO
228,5,I GOT
229,5,I WAS
230,5,I WENT
231,5,IN MY
232,5,IN OUR
233,5,IN THE…
234,5,IN THIS
235,5,LIKE TO
236,5,MEDICAL OFFICER
237,5,MY FIRST
238,5,NEW NORMAL
239,5,OF OUR
240,5,OF SOCIAL
241,5,OFFICER OF
242,5,ONTARIO GOVERNMENT
243,5,OPEN AGAIN
244,5,OUT THE
245,5,PANDEMIC HAS
246,5,PANDEMIC I
247,5,PEOPLE IN
248,5,PUBLIC HEALTH
249,5,STAYHOME COVID19
250,5,THE BEST
251,5,THE END
252,5,THE GOVERNMENT
253,5,THE ONTARIO
254,5,THIS COVID
255,5,THIS WEEKEND
256,5,TO FIND
257,5,TO KNOW
258,5,TO OUR
259,5,TO TAKE
260,5,TWO MONTHS
261,5,UP TO
262,5,VANCOUVER BRITISH
263,5,WALK TODAY
264,5,WAS A
265,5,WITH ALL
266,5,WITH COVID19
267,5,WITH OUR
268,5,WORKING ON
269,5,YOU HAVE
270,5,YOU NEED
271,5,YOU WANT
272,4, COVID19
273,4, MUSIC
274,4, WE
275,4,2020SUCKS 
276,4,ABOUT COVID19
277,4,AFTER THE
278,4,AGAINST COVID19
279,4,AND COVID
280,4,AND HOW
281,4,AND OTHER
282,4,AND SERVICES
283,4,ANNOUNCED THAT
284,4,ARE NOT
285,4,ARE NOW
286,4,ARE THE
287,4,AT LEAST
288,4,AVAILABLE FOR
289,4,BE ABLE
290,4,BEYOND LOCAL
291,4,BUSINESS COVID19
292,4,BUT THE
293,4,CANADA DAY
294,4,CARNYSTORIES HAMONT
295,4,CHIEF MINISTER
296,4,COVID HAIR
297,4,COVID19 CASE
298,4,COVID19 CRISIS
299,4,COVID19 HAS
300,4,COVID19 NEW
301,4,COVID19 SCREENING
302,4,COVID19 TESTING
303,4,COVID19 THE
304,4,CRACKILTON CRACKILTONOMT
305,4,CRACKILTONOMT SQUEEGEEKID
306,4,DAY 
307,4,DISTANCING PRACTICED
308,4,DISTANCING RULES
309,4,DRUG REMDESIVIR
310,4,DURING COVID19
311,4,ENTERTAINMENT HOLLYWOOD
312,4,FEATURED MUMBAI
313,4,FIRST PLACE
314,4,FOOD FOODPORN
315,4,FOR CORONAVIRUS
316,4,FOR THIS
317,4,FORWARD TO
318,4,GET BACK
319,4,GETTING BACK
320,4,GIVE A
321,4,GOOD TO
322,4,GOVERNMENT IS
323,4,GUIDELINES FOR
324,4,HE WAS
325,4,HEALTH NEWS
326,4,HEALTH UNIT
327,4,HERE ARE
328,4,HERE WITH
329,4,I HAVEN’T
330,4,I THOUGHT
331,4,IN ITS
332,4,IN TORONTO
333,4,IN YOUR
334,4,IS MY
335,4,IS NO
336,4,IS NOW
337,4,IS STILL
338,4,IT’S BEEN
339,4,I’VE BEEN
340,4,JOB AND
341,4,JUST A
342,4,LOOKS LIKE
343,4,LOT OF
344,4,MADHOUSE RECORDS
345,4,MANY PEOPLE
346,4,MAY HAVE
347,4,MOHENA KUMARI
348,4,MONTHS OF
349,4,MUMBAI NEWS
350,4,MUSIC MADHOUSE
351,4,MY LIFE
352,4,NEWS INDIA
353,4,NOVA SCOTIA
354,4,NUMBER OF
355,4,OF AN
356,4,OF CORONA
357,4,OF PANDEMIC
358,4,OF THIS
359,4,OF US
360,4,ON FRIDAY
361,4,ON SITE
362,4,ON TUESDAY
363,4,ONE TO
364,4,OUT AND
365,4,OUT WITH
366,4,OUT YOUR
367,4,PANDEMIC IS
368,4,PANDEMIC STARTED
369,4,PER CENT
370,4,QUARANTINE 
371,4,SANITIZER ON
372,4,SO I
373,4,SO MUCH
374,4,SOON 
375,4,SQUEEGEEKID CARNYSTORIES
376,4,START OF
377,4,TAKE A
378,4,THANKS FOR
379,4,THAT HAS
380,4,THAT HAVE
381,4,THAT HE
382,4,THE COUNTRY
383,4,THE LAST
384,4,THE NOVEL
385,4,THE ONLY
386,4,THE SAME
387,4,THOSE THAT
388,4,TO A
389,4,TO COVID
390,4,TO DO
391,4,TO SHARE
392,4,TO THIS
393,4,TODAY AND
394,4,UP FOR
395,4,US TO
396,4,WE ALL
397,4,WE HAVE
398,4,WHEN THE
399,4,WHO HAS
400,4,WITH ME
401,4,WORKING FROM
402,4,WOULD LIKE
403,4,YOUR WAIVER
404,3, AND
405,3, DOWNTOWN
406,3, EVERYONE
407,3, LOTS
408,3, MARKHAM
409,3, MISSISSAUGA
410,3, MT
411,3, NO
412,3, ONTARIO
413,3, SCARBOROUGH
414,3, SO
415,3, THANKS
416,3, THIS
417,3, WELL
418,3, WHISTLER
419,3,1230 TO
420,3,19 IF
421,3,2020 
422,3,2020 AT
423,3,570NEWS SUNDAY
424,3,A BLESSED
425,3,A FATHER
426,3,A FRIEND
427,3,A HEALTH
428,3,A MAJOR
429,3,A MASK
430,3,A MONTH
431,3,A PHOTO
432,3,A SMALL
433,3,A VIRTUAL
434,3,A YEAR
435,3,ABOUT REOPENING
436,3,ACCORDING TO
437,3,AFTER HE
438,3,ALL 
439,3,ALL TO
440,3,ALLOWED TO
441,3,AMARINDER SINGH
442,3,AMID PANDEMIC
443,3,AND HAND
444,3,AND IT’S
445,3,AND NO
446,3,AND PEOPLE
447,3,AND SOCIAL
448,3,AND THEN
449,3,AND THIS
450,3,ANTIVIRAL DRUG
451,3,ARE IN
452,3,ARE LIVING
453,3,AROUND THE
454,3,AS IT
455,3,AT 2020
456,3,AT NOON
457,3,AT RISK
458,3,B2B GREGDUROCHER
459,3,BACK FROM
460,3,BE BACK
461,3,BEEN ON
462,3,BEING IN
463,3,BETTER THAN
464,3,BETWEEN MOES
465,3,BIRTHDAY TO
466,3,BLACKLIVESMATTER PEACE
467,3,BUT MY
468,3,BUT WE
469,3,BY COVID19
470,3,CALL ME
471,3,CANADA FEATURED
472,3,CANADA USA
473,3,CAN’T WAIT
474,3,CASES BY
475,3,CASES IN
476,3,CHANGED THE
477,3,CHOOSE TO
478,3,CITY OF
479,3,CLOSE TO
480,3,CLOSING FINDING
481,3,CONTINUES TO
482,3,CORONAVIRUS AFTER
483,3,CORONAVIRUS CORONA
484,3,CORONAVIRUS COVID19
485,3,COULD BE
486,3,COVER PART
487,3,COVERNATIONOFFICIAL COVID19
488,3,COVID PROTOCOLS
489,3,COVID RESTRICTIONS
490,3,COVID19 CONFIRMED
491,3,COVID19 DRIVERCHECK
492,3,COVID19 IN
493,3,COVID19 IS
494,3,COVID19 PATIENTS
495,3,COVID19 PRIDE
496,3,COVID19 REPORTED
497,3,COVID19 TEST
498,3,COVID19 TESTS
499,3,COVID19 TO
500,3,COVID19 TORONTO
501,3,COVID19 VACCINE
502,3,CUT 
503,3,DARE YOU
504,3,DAY OF
505,3,DECIDED TO
506,3,DECISION ON
507,3,DEMISE OF
508,3,DIRECT MESSAGE
509,3,DO IT
510,3,DO YOU
511,3,DUFFERIN STATION
512,3,DURING COVID
513,3,DURING LOCKDOWN
514,3,EACH OTHER
515,3,EFFECTS OF
516,3,ENGLISH UK
517,3,ENSURE THAT
518,3,EVER GOING
519,3,EVERY DAY
520,3,EXPERT SAYS
521,3,FAMILY COVID19
522,3,FILM TO
523,3,FINALLY GOT
524,3,FINDING A
525,3,FOR ALL
526,3,FOR COVID
527,3,FOR LIMITED
528,3,FOR MANY
529,3,FOR OUR
530,3,FOR OVER
531,3,FOR RECORDS
532,3,FOR THOSE
533,3,FOR YOU
534,3,FOR YOUR
535,3,FROM ALL
536,3,FROM THE…
537,3,FRONT OF
538,3,FRONTLINE WORKERS
539,3,GERMAN GERMANY…
540,3,GET TO
541,3,GETTING READY
542,3,GLOBAL PANDEMIC
543,3,GO CHECK
544,3,GO THROUGH
545,3,GOLF CLUB
546,3,GOVERNMENT HAS
547,3,GRATEFUL TO
548,3,GREATER VANCOUVER
549,3,HAMARTS SELFPUBLISH
550,3,HAMONT HAMARTS
551,3,HAPPY COVID
552,3,HAS DEVELOPED
553,3,HAS TESTED
554,3,HAVE YOU
555,3,HE WANTED
556,3,HEALTH AND
557,3,HEALTH MINISTRY
558,3,HERE IN
559,3,HERES A
560,3,HEY FRIENDS
561,3,HIGH SCHOOL
562,3,HOME TO
563,3,HOW WE
564,3,I DARE
565,3,I DO
566,3,I THINK
567,3,IDAREYOU IDAREYOUTOLOVE
568,3,IDAREYOUTOLOVE COVERNATIONOFFICIAL
569,3,IM NOT
570,3,IMPACT OF
571,3,IN AND
572,3,IN APRIL
573,3,IN COVID
574,3,IN FRONT
575,3,IN NEW
576,3,IS IN
577,3,IS VERY
578,3,IT 
579,3,IT WILL
580,3,ITS A
581,3,ITS BEEN
582,3,I’VE HAD
583,3,JUNE 12
584,3,KELLYCLARKSON I
585,3,KNOW HOW
586,3,KNOW MANY
587,3,LIKELY TO
588,3,LINK IN
589,3,LIST OF
590,3,LIVING IN
591,3,LOCKDOWN AND
592,3,LOOK AT
593,3,LOOKING FORWARD
594,3,LOTS OF
595,3,MADE A
596,3,MADE IT
597,3,MAN IN
598,3,MANAGED TO
599,3,MARKET IS
600,3,ME FOR
601,3,MENTAL HEALTH
602,3,MESSAGE IF
603,3,MIDDLE OF
604,3,MILLION PEOPLE
605,3,MINI FAMILY
606,3,MINISTER AMARINDER
607,3,MISSISSAUGA ONTARIO
608,3,MOES CLOSING
609,3,MORE 
610,3,MORE PEOPLE
611,3,MORNING TO
612,3,MT PLEASANT
613,3,MY COVER
614,3,MY COVID
615,3,MY FAVORITE
616,3,MY MOM
617,3,MY NEW
618,3,NEW JOB
619,3,NEW YORK\xa0
620,3,NEWMARKET ONTARIO
621,3,NOT A
622,3,NOT ONLY
623,3,NOT TO
624,3,NOW IS
625,3,OF COURSE
626,3,OF COWANINSURANCE
627,3,OF KELLYCLARKSON
628,3,OF PEOPLE
629,3,OF THEIR
630,3,OF THE…
631,3,ON 
632,3,ON B2B
633,3,ON JUNE
634,3,ON SATURDAY
635,3,ON WEDNESDAY
636,3,ONTARIO CANADA
637,3,ONTARIO COVID19
638,3,OPEN 
639,3,OPEN TODAY
640,3,OPENS UP
641,3,OPPORTUNITY TO
642,3,OUR COMMUNITY
643,3,OUR FAVOURITE
644,3,OUR FIRST
645,3,OUT NOW
646,3,PANDEMIC BUT
647,3,PANDEMIC MIXTAPE
648,3,PANDEMIC THROUGH
649,3,PART 2
650,3,PARTIAL MINI
651,3,PAST THE
652,3,PATIENTS IN
653,3,PEACE ENGLISH
654,3,PEOPLE ARE
655,3,PHASE 2
656,3,PHYSICAL DISTANCING
657,3,PLEASANT GREATER
658,3,PLEASE DIRECT
659,3,PRACTICED AND
660,3,PRIDE PRIDEMONTH
661,3,PRIDEMONTH BLACKLIVESMATTER
662,3,PROUD OF
663,3,PUNJAB CHIEF
664,3,REFER A
665,3,RESEARCHERS HAVE
666,3,RETURN TO
667,3,RIGHT NOW
668,3,SCREENING DOCUMENT
669,3,SEE THE
670,3,SELFPUBLISH SETOMAS
671,3,SETOMAS STAYHOME
672,3,SHOP FOR
673,3,SINGH ON
674,3,SO FAR
675,3,SO GOOD
676,3,SO MANY
677,3,SO PROUD
678,3,SOCIALDISTANCING 
679,3,SOCIALLY DISTANT
680,3,SOME OF
681,3,SPAIN GERMAN
682,3,SPANISH SPAIN
683,3,STARTED TO
684,3,STAYING HOME
685,3,SUMMER SOCIAL
686,3,SUNDAY AT
687,3,SUNDAY SAID
688,3,SURVIVED COVID19
689,3,SWIPE TO
690,3,TELEVISION ACTRESS
691,3,TESTS COVID
692,3,THAT ARE
693,3,THAT I
694,3,THAT IS
695,3,THAT IT
696,3,THAT WE
697,3,THE BIG
698,3,THE BRIDGE
699,3,THE CITY
700,3,THE COVID19…
701,3,THE EFFECTS
702,3,THE LAKE
703,3,THE MIDDLE
704,3,THE NEWS
705,3,THE NEXT
706,3,THE OFFICE
707,3,THE ONGOING
708,3,THE OTHER
709,3,THE PROVINCE
710,3,THE SEASON
711,3,THE START
712,3,THE STREETS
713,3,THE SUMMER
714,3,THERE ARE
715,3,THIS WAS
716,3,THIS WEEK
717,3,THROUGH COVID
718,3,THROUGH THE
719,3,TIME FOR
720,3,TO 3PM
721,3,TO 570NEWS
722,3,TO CELEBRATE
723,3,TO ENSURE
724,3,TO GIVE
725,3,TO ME
726,3,TO OPEN
727,3,TO PLAN
728,3,TO REFER
729,3,TO SERVE
730,3,TO SHOP
731,3,TO STAY
732,3,TO TELL
733,3,TO THE…
734,3,TO USE
735,3,TOGETHER AND
736,3,TRYING TO
737,3,TUNE TO
738,3,UK CANADA
739,3,UP AND
740,3,UP IN
741,3,USA SPANISH
742,3,WAIT TO
743,3,WAIVER AND
744,3,WANTED TO
745,3,WAY TO
746,3,WAY WE
747,3,WE GET
748,3,WE MADE
749,3,WERE EVER
750,3,WERE TRYING
751,3,WHAT IS
752,3,WHEN WE
753,3,WHISTLER GOLF
754,3,WHO WAS
755,3,WILL LIKELY
756,3,WILL THE
757,3,WORK FROM
758,3,WORK ON
759,3,WORKING HARD
760,3,YOU A
761,3,YOU ARE
762,3,YOU CAN
763,3,YOU GET
764,3,YOU IDAREYOU
765,3,YOU WERE
766,3,YOU WILL
767,2, A
768,2, BURLINGTON
769,2, DUFFERIN
770,2, EDMONTON
771,2, FIND
772,2, FLATTENTHECURVE
773,2, GOOD
774,2, HALIFAX
775,2, HAVE
776,2, IF
777,2, INNISFIL
778,2, IT’S
779,2, KINGSTON
780,2, LA
781,2, LONDON
782,2, LOS
783,2, LOVE
784,2, MAY
785,2, MONTREAL
786,2, MOUNT
787,2, NAMMOS
788,2, NORTH
789,2, NOT
790,2, ONE
791,2, OR
792,2, OTTAWA
793,2, OVERBROOK
794,2, PAPE
795,2, PICKERING
796,2, PORT
797,2, RICHMOND
798,2, RICKS…
799,2, RIVERFRONT
800,2, SALON
801,2, ST
802,2, SÃO
803,2, THANK
804,2, THERE
805,2, VNN
806,2, WHILE
807,2, WITH
808,2, WORKDAY
809,2, WORLD
810,2,1 OF
811,2,12 
812,2,19 PANDEMIC
813,2,1️⃣ PREREGISTER
814,2,2 BILLION
815,2,2 HOUR…
816,2,2 OF
817,2,2020 T20
818,2,2021 
819,2,2021 OR
820,2,24 HOURS
821,2,2️⃣ FILL
822,2,3 MONTHS
823,2,3 WEEKS
824,2,30HR MIN
825,2,36 YEARS
826,2,3️⃣ FILL
827,2,5400 PER
828,2,6 LAKH
829,2,600 SQUARE
830,2,94 1️⃣
831,2,A 600
832,2,A BEAUTIFUL
833,2,A BIG
834,2,A BREAK
835,2,A CAT
836,2,A CHALLENGE”
837,2,A CLINICALLY
838,2,A COLUMN
839,2,A COUPLE
840,2,A COVID
841,2,A CUT
842,2,A DAMN
843,2,A DECISION
844,2,A DIVERSE
845,2,A HOME
846,2,A LETTER
847,2,A LOCATION
848,2,A LONG
849,2,A LOOK
850,2,A MILLION
851,2,A NIGHTMARE
852,2,A PLAN
853,2,A SAFE
854,2,A SECOND
855,2,A SIMPLE
856,2,A TIME
857,2,A VERY
858,2,A VISIT
859,2,A WAY
860,2,A WEEK
861,2,A WHOLE
862,2,ABBAS KHAN
863,2,ABOUT CORONIL
864,2,ABOUT TO
865,2,ACCOMMODATE SOCIAL
866,2,ACROSS THE
867,2,ACTRESS MOHENA
868,2,ADVANCE WE
869,2,AFFECTED BY
870,2,AFTER COVID19
871,2,AHEAD OF
872,2,AIR FORCE
873,2,AIR INDIA
874,2,AIRPORTS PM
875,2,AKA LYRICAL
876,2,AKUAJONES JIGGAUNCUT
877,2,AL FRESCO
878,2,ALL CAMPS
879,2,ALL COVID19
880,2,ALL KNOW
881,2,ALL OUR
882,2,ALL STAFF
883,2,ALL YOU
884,2,ALMOST HALF
885,2,ALONG WITH
886,2,ALREADY STARTED
887,2,ALWAYS CREATE
888,2,AM SURE
889,2,AMENITIES AND
890,2,AMID COVID19
891,2,AMIDST COVID19
892,2,AMONGST ALL
893,2,AMP DANIEL
894,2,AMP JOHNSON
895,2,AN OLD
896,2,AN UNEXPECTED
897,2,AND ALL
898,2,AND BE
899,2,AND BEFORE
900,2,AND BOY
901,2,AND CONTACT
902,2,AND COVID19
903,2,AND FAMILY
904,2,AND FIRST
905,2,AND FOLLOW
906,2,AND FRONTLINE
907,2,AND GLOBAL
908,2,AND GO
909,2,AND HAS
910,2,AND HAVE
911,2,AND HERE
912,2,AND HIS
913,2,AND LET
914,2,AND PANDEMIC
915,2,AND PARKING
916,2,AND PLAY
917,2,AND SAFE
918,2,AND SO
919,2,AND TASTE
920,2,AND THAT
921,2,AND THEIR
922,2,AND THEY
923,2,AND TO
924,2,AND WHERE
925,2,ANTIQUE WAREHOUSE
926,2,ANTISPITTING CAMPAIGN
927,2,ANUPAM KHER
928,2,APP TO
929,2,APPROACH TO
930,2,ARE ALL
931,2,ARE JUST
932,2,ARE MORE
933,2,ARE REOPENING
934,2,ARE SAFE
935,2,ARE SO
936,2,ARE UP
937,2,ARE YOU
938,2,ARORA’S BUILDING
939,2,ART STREETART
940,2,AS I
941,2,AS MUCH
942,2,AS ON
943,2,AS PART
944,2,AS SOME
945,2,AS THERE
946,2,AS USUAL
947,2,ASHBRIDGE PARK
948,2,ASKS FOR
949,2,AT A
950,2,AT AIRPORTS
951,2,AT MY
952,2,AT OUR
953,2,AT WORK
954,2,AUS PM
955,2,AVAILABLE IN
956,2,BACK AND
957,2,BACK INTO
958,2,BACK IVE
959,2,BAKER DRIVE
960,2,BAND 30HR
961,2,BANGLA SAHIB
962,2,BANGLADESH COVID19
963,2,BANKS AKA
964,2,BBQ NEWMARKET
965,2,BE AT
966,2,BE AVAILABLE
967,2,BEATS COVID19
968,2,BEAUTY ART
969,2,BECOME A
970,2,BEEN DONE
971,2,BEEN THE
972,2,BEFORE COVID
973,2,BEFORE DECIDING
974,2,BEFORE OF
975,2,BELIEVE THAT
976,2,BENEFIT OF
977,2,BEPROUD POSITIVEVIBES
978,2,BESTRONG BEPROUD
979,2,BHARAT MISSION
980,2,BHI AKELE
981,2,BIRTHDAY IN
982,2,BIT OF
983,2,BLESSED DAY
984,2,BLOOD DONATION
985,2,BOOK A
986,2,BURLINGTON ONTARIO
987,2,BUSINESS AS
988,2,BUSINESS CANADA
989,2,BUSINESS FEATURED
990,2,BUSINESS RESILIENCE
991,2,BUT ALSO
992,2,BUT IT
993,2,BUT NOT
994,2,BUT STILL
995,2,BUT THIS
996,2,BY 32
997,2,BY JULY
998,2,CABOS MEXICO
999,2,CALLS AND
1000,2,CAME OUT
