1,16,COVID19 CASES
2,10,NEW COVID19
3,9,NEWS 
4,8, ONTARIO
5,8,COVID CASES
6,8,FEATURED NEWS
7,8,JOHNS HOPKINS
8,8,NEWS MONTREAL
9,8,OF THE
10,8,ONTARIO PLACE
11,7, TORONTO
12,7,COVID19 FEATURED
13,7,OF COVID19
14,7,TO THE
15,7,TODAY 
16,7,TORONTO ONTARIO
17,6, NEW
18,6,COVID19 PANDEMIC
19,6,IN THE
20,6,NUMBER OF
21,5,ACCORDING TO
22,5,CASES NOV
23,5,CORONAVIRUS CASES
24,5,COVID WALK
25,5,COVID19 
26,5,COVID19 CASE
27,5,GLOBAL COVID19
28,5,IN OUR
29,5,LINK IN
30,5,NEW BRUNSWICK
31,5,NEW COVID
32,5,OUR BIO
33,5,SURGED TO
34,5,THE COVID19
35,5,THE LINK
36,5,THE PANDEMIC
37,5,WALK TODAY
38,5,WHILE THE
39,4, RIVERVIEW
40,4,BUSINESS BEYOND
41,4,CANADA COVID19
42,4,CASES TODAY
43,4,CLICK THE
44,4,DEATHS HAVE
45,4,FOR ALL
46,4,GLOBAL CORONAVIRUS
47,4,HAVE SURGED
48,4,HOPKINS THE
49,4,IN CANADA
50,4,LOOKS AT
51,4,MENTAL HEALTH
52,4,OF GLOBAL
53,4,ON THE
54,4,OUR LATEST
55,4,OVERALL NUMBER
56,4,SECOND WAVE
57,4,THE DEATHS
58,4,THE JOHNS
59,4,THE OVERALL
60,4,TO APPLY
61,4,TO HELP
62,4,WAVE OF
63,4,WEBINAR 
64,3, COVID
65,3, THE
66,3,910 AM
67,3,A PANDEMIC
68,3,ALL THINGS
69,3,AMID AN
70,3,AN ONGOING
71,3,ANGRYBIRDS TRANSFORMERS
72,3,ANGRYBIRDSTRANSFORMERS ANGRYBIRDS
73,3,AS WE
74,3,AT NOON
75,3,B2B GREGDUROCHER
76,3,BATTLE SCENE
77,3,BEYOND COVID19
78,3,BIO TO
79,3,BRITISH COLUMBIA
80,3,CAN HELP
81,3,CANADA FEATURED
82,3,CARE TECHNICIAN
83,3,CASES IN
84,3,CASES OF
85,3,CHATS RE
86,3,COVID19 TODAY
87,3,COWANINSURANCE REP
88,3,DURING COVID
89,3,DURING THE
90,3,FOR A
91,3,FROM OUR
92,3,GREGDUROCHER CHATS
93,3,HAVE A
94,3,HEALTH CARE
95,3,HOPKINS UNIVERSITY
96,3,IN A
97,3,IN TIMMINS
98,3,LAPRESSE JBELLAVA
99,3,LATEST COLLECTION
100,3,MORE THAN
101,3,NEW CASES
102,3,NEWS CANADA
103,3,NOON FOR
104,3,NOV 2
105,3,OF OUR
106,3,ON B2B
107,3,ONGOING SECOND
108,3,ONTARIO CONFIRMS
109,3,ONTARIO REPORTS
110,3,PERSONAL SUPPORT
111,3,PUBLIC HEALTH
112,3,REP LOOKS
113,3,SUPPORT WORKER
114,3,THINGS BUSINESS
115,3,THIS YEAR
116,3,TO 570NEWS
117,3,TO BE
118,3,TO MORE
119,3,TUNE TO
120,3,UNIVERSITY AS
121,3,UP TO
122,3,VON CANADA
123,3,WHAT A
124,3,WITH THE
125,3,WORKER HEALTH
126,2, 
127,2, BUSINESS
128,2, I
129,2, OTTAWA
130,2, POTENTIAL
131,2, THANKS
132,2, UNITED
133,2,1426 NEW
134,2,2 WEEKS
135,2,3 NEW
136,2,570NEWS TODAY
137,2,A BIT
138,2,A LOOK
139,2,ACTION PLANNING
140,2,ALSO DTKITCHENER
141,2,AMP UPTOWNWATERLOO
142,2,AMP US
143,2,AND FACESHIELD
144,2,AND FLU
145,2,ANUPAM KHER
146,2,APPLY PERSONAL
147,2,AS OF‚Ä¶
148,2,AT FINANCIAL
149,2,AT HOME
150,2,AT LEAST
151,2,AT VON
152,2,BE DONE
153,2,BENTOBOX 
154,2,BEYOND COVID
155,2,BIKE TODAY
156,2,BOLLYWOOD ENTERTAINMENT
157,2,BOOK ON
158,2,BRUNSWICK 3
159,2,BUDGET COVID19
160,2,BUSINESS REALESTATE
161,2,BY COVID19
162,2,CANADA CAREGIVING
163,2,CANADA HAS
164,2,CASES HAS
165,2,CASES NEARING
166,2,CASES TOP
167,2,CASES WAS
168,2,CHALLENGE COWANINSURANCE
169,2,CHAMBER CHAT
170,2,COLLECTION FASHIONARTTORONTO
171,2,CORONAVIRUS PANDEMIC
172,2,COVID 
173,2,COVID BIKE
174,2,COVID WEBINAR
175,2,COVID19 AMP
176,2,COVID19 EXPOSURES
177,2,COVID19 GUIDELINES
178,2,COVID19 RESTRICTIONS
179,2,COVID19 STRATEGIC
180,2,COVID19 UPDATE
181,2,CURRENT COVID19
182,2,DAYS EVENINGS
183,2,DON‚ÄôT HAVE
184,2,DTKITCHENER AMP
185,2,DURING COVID19
186,2,ELECTION RESULTS
187,2,EVENINGS NIGHTS
188,2,EXPOSURES AT
189,2,FACE MASKS
190,2,FACESHIELD BENTOBOX
191,2,FACESHIELD FOR
192,2,FASHIONARTTORONTO FACESHIELD
193,2,FEATURING LOCKDOWN
194,2,FILMMAKER SUDARSHAN
195,2,FINANCIAL WELLNESS
196,2,FLU CLINIC
197,2,FOR BUSINESSES
198,2,FOR MORE
199,2,FOR THE
200,2,FOR THIS
201,2,FOR THOSE
202,2,GUIDELINES ON
203,2,HAND SANITIZER
204,2,HAS BEEN
205,2,HAS SAID
206,2,HAS TOPPED
207,2,HEALTHCARE JOB
208,2,HIRING IN
209,2,I DON‚ÄôT
210,2,IN COVID19
211,2,IN ONTARIO
212,2,IN QUEBEC
213,2,INCLUDES WEEKENDS
214,2,INCREASE IN
215,2,INFORMATION ON
216,2,INSPIRED BY
217,2,IOSGAMES 
218,2,IS THE
219,2,ISSUE SHOPPING
220,2,JBELLAVA ALSO
221,2,JOIN US
222,2,JUSTIN TRUDEAU
223,2,LIVE PRIME
224,2,LOOK AT
225,2,LOOKING TO
226,2,LOVE THE
227,2,MARK WHILE
228,2,MEDICALMASK FACESHIELD
229,2,MILLION MARK
230,2,MILLION WHILE
231,2,MINISTER JUSTIN
232,2,NEARING THE
233,2,NEXT 2
234,2,NIGHTS INCLUDES
235,2,NOV 4
236,2,NURSE 
237,2,OF INDIA
238,2,OF THE‚Ä¶
239,2,OF YOU
240,2,ON CANADA
241,2,ON CHAMBER
242,2,ON HOW
243,2,ONTARIO BUDGET
244,2,ONTARIOPLACE 
245,2,OTTAWA ONTARIO
246,2,OTTAWA THE
247,2,OUR NEW
248,2,PANDEMIC IN
249,2,PLANNING WEBINAR
250,2,POSITIONS AT
251,2,POTENTIAL COVID19
252,2,PRIME MINISTER
253,2,PROVIDES COVID19
254,2,RE ONTARIO
255,2,REGISTERED NURSE
256,2,REMEMBRANCE DAY
257,2,REPORTS 1426
258,2,REPS ISSUE
259,2,RESULTS WITH
260,2,RISK OF
261,2,SHOPPING CHALLENGE
262,2,SITUATION IN
263,2,SO I
264,2,SOCIAL DISTANCING
265,2,SPREAD OF
266,2,STABBING INCIDENT
267,2,STRATEGIC ACTION
268,2,SUDARSHAN RATTAN
269,2,SWORD ATTACK
270,2,TECHNICIAN DAYS
271,2,THAT A
272,2,THE CANADIAN
273,2,THE CORONAVIRUS
274,2,THE LAST
275,2,THE MOST
276,2,THE NEW
277,2,THE SPREAD
278,2,THERE IS
279,2,THIS WAS
280,2,TO A
281,2,TO IMPROVE
282,2,TO WEAR
283,2,TODAY AT
284,2,TRANSFORMERS AUTOBOTS
285,2,TRUDEAU PROVIDES
286,2,TWO PEOPLE
287,2,UNITED STATES
288,2,UP 
289,2,UPTOWNWATERLOO REPS
290,2,US ELECTION
291,2,VARIOUS POSITIONS
292,2,WAS NEARING
293,2,WEEKENDS VARIOUS
294,2,WELLNESS TUNE
295,2,WILL BE
296,2,WITH LAPRESSE
297,2,WORK TO
298,2,YOU DONT
299,2,YOU NEED
300,2,YOUNGDAVIDSON MINE
301,1, ACTINOLITE
302,1, ANY
303,1, BEAR
304,1, BOOM
305,1, BRAMPTON
306,1, BUT
307,1, CAMPBELL
308,1, CANMORE
309,1, CASUAL
310,1, COVID19
311,1, COWANINSURANCE
312,1, EAST
313,1, ELEMENTARY
314,1, GIOVANNI‚ÄôS
315,1, GLENRINNES
316,1, GOODLIFE
317,1, GREAT
318,1, HALLOWEENADDICTIONN
319,1, HAMILTON
320,1, HOPE
321,1, HTTPSTCOK83CXZK7RY
322,1, HTTPSTCOWLYPCXDNCG
323,1, HUNTINGTON
324,1, INSPIRED
325,1, JUST
326,1, LAKERS
327,1, LOCKBOX
328,1, LOELLEN
329,1, MARINASIDE
330,1, MARK
331,1, MASK
332,1, MILTON
333,1, MISSISSAUGA
334,1, NIAGARA
335,1, OUR
336,1, PLANET
337,1, POSTED
338,1, PUNTA
339,1, RAMSEYVILLE
340,1, REGISTERED
341,1, RIDGEVILLE
342,1, RIVERSIDE
343,1, SCHITTS
344,1, SEE
345,1, SMILEWORKS
346,1, SOMEWHERE
347,1, SOUTH
348,1, ST
349,1, SURREY
350,1, TEAL
351,1, TERRACE
352,1, THERE
353,1, TOWN
354,1, TREE
355,1, TURQUOISE
356,1, TWO
357,1, VANCOUVER
358,1, VANIER
359,1, WELLMASTER
360,1, WINNIPEG
361,1, ÿßŸÑÿÆÿ®ÿ±
362,1, üëâüèøüëâüèøüëâüèø
363,1,1 HTTPSTCOKZMVCBWYFT
364,1,1 WITH
365,1,10 CAREGIVING
366,1,1003 NEW
367,1,100TH HTTPSTCO81MASK84BI
368,1,1019 HAVE
369,1,102ND COVID19
370,1,1050 COVID
371,1,10522 ACCORDING
372,1,11 HTTPSTCOAJNIBDNWGW
373,1,1132 NEW
374,1,1193860 ACCORDING
375,1,1199500 ACCORDING
376,1,1211990 ACCORDING
377,1,1223450 ACCORDING
378,1,1242 NEW
379,1,1328 CASES
380,1,1388 NEW
381,1,15000 DONATE
382,1,19 910
383,1,19 SITUATION
384,1,1986 RELEASE
385,1,2 AND
386,1,2 HTTPSTCOFZHJCFRUAL
387,1,2 HTTPSTCOUTZCW3KOEF
388,1,2 KILLED
389,1,2 MAJOR
390,1,2 NEW
391,1,2020 
392,1,2020 COVID
393,1,2020 WE
394,1,2020 ü§¨ü§¨ü§¨
395,1,2020JOKES HAUNTEDHOUSEJOKE
396,1,2020SUCKS 
397,1,2021‚Äí2023 IMMIGRATION
398,1,260000 MARK
399,1,264045 WHILE
400,1,3 HTTPSTCO489UKOVUBX
401,1,3ACRESFARM COVID19
402,1,3LAYER MASKS
403,1,4 FROM
404,1,4 HTTPSTCODYLZNFCEBR
405,1,46 MILLION
406,1,464 MILLION
407,1,464MN JOHNS
408,1,46MN JOHNS
409,1,473 MILLION
410,1,473MN JOHNS
411,1,48 MILLION
412,1,48MN JOHNS
413,1,5 HTTPSTCO535MWW0VDZ
414,1,50 HTTPSTCO5IMRD8RWTA
415,1,570NEWS SUNDAY
416,1,6 HTTPSTCOSYV0FRB07Z
417,1,7 HTTPSTCOB3ZVWNECQT
418,1,7830 COVID
419,1,7830 NEW
420,1,8 üêù
421,1,90 EFFECTIVE
422,1,90 PERCENT
423,1,987 NEW
424,1,A 
425,1,A 90
426,1,A BLOCKBUSTER
427,1,A BLOWUP
428,1,A CLOSE
429,1,A CLUE
430,1,A CUTE
431,1,A DAY
432,1,A DETAILED
433,1,A FILTER
434,1,A FIRST
435,1,A GIANT
436,1,A GYM
437,1,A INTERESTING
438,1,A JOB
439,1,A KILL
440,1,A MASK
441,1,A MONTREAL
442,1,A MORE
443,1,A MUSIC
444,1,A NEW
445,1,A NOVA
446,1,A PATH
447,1,A PET
448,1,A PLAYGROUND
449,1,A POPPY
450,1,A SAFE
451,1,A SECOND
452,1,A SLUMP
453,1,A SPRAY
454,1,A STABBING
455,1,A SUSPECT
456,1,A SWORD
457,1,A TENDENTIOUS
458,1,A TOUR
459,1,A WRAP
460,1,ABOUT AN
461,1,ABOUT HER
462,1,ABOUT IT
463,1,ABOUT NEW
464,1,ABOUT OUR
465,1,ABOUT RUNNING
466,1,ABOUT THE
467,1,ABOUT TO
468,1,ACCEPTING MARRIAGE
469,1,ACTINOLITE RESTAURANT
470,1,ACTINOLITERESTAURANT 
471,1,ACTOR ANUPAM
472,1,ACTOR SHEKHAR
473,1,ADDING THAT
474,1,ADDITIONAL STRINGENT
475,1,ADDRESS COVID19
476,1,AERIALBOTS IOSGAMES
477,1,AFFAIRS HARDEEP
478,1,AFFECTED BY
479,1,AFRICANSTYLE WESTCOAST
480,1,AFRO MADEINCANADA
481,1,AFTER THE
482,1,AG FUNDS
483,1,AGED 1019
484,1,AGENCY OF
485,1,AID FOR
486,1,AIR DROPLETS
487,1,AIRBORNE SPREAD
488,1,AIRBORNE‚Ä¶ HTTPSTCO9HC1533B2R
489,1,AIRLINES WONT
490,1,ALBERTA HTTPSTCOW9IBWQ7IDR
491,1,ALEXFITZBLACK ALSO
492,1,ALI‚ÄôS SPIRITUAL
493,1,ALL CANADIANS
494,1,ALL FAMILY
495,1,ALL HAPPENED
496,1,ALL MY
497,1,ALL OF
498,1,ALL RECORDS
499,1,ALLTIME HIGH
500,1,ALMOST 1193860
501,1,ALMOST DOUBLED
502,1,ALREADY CHILL
503,1,ALREADY IMAGINING
504,1,ALSO AMBERCATALYST
505,1,ALSO THERE‚ÄôS
506,1,ALWAYS THE
507,1,AM FOR
508,1,AM VISIT
509,1,AM YIP
510,1,AMBERCATALYST TALKS
511,1,AMERICA HTTPSTCOLTASIBBEUO
512,1,AMID A
513,1,AMP AIR
514,1,AMP CORONA
515,1,AMP COULD
516,1,AMP IN
517,1,AMP LAPRESSE
518,1,AMP NATHAN
519,1,AMP SIGN
520,1,AMP TECHNOLOGY
521,1,AMP VISA
522,1,AMP WE
523,1,AN ALLTIME
524,1,AN ART
525,1,AN EXCEPTION
526,1,AN EXOTIC
527,1,AN EXPLOSION
528,1,AN INCREASE
529,1,AN OPPORTUNITY
530,1,AND 3
531,1,AND A
532,1,AND AN
533,1,AND BEYOND
534,1,AND CANADA
535,1,AND CHARGES
536,1,AND CLICK
537,1,AND CORPORATES
538,1,AND COVID19
539,1,AND FEELINGS
540,1,AND FIVE
541,1,AND GOLD
542,1,AND GRIMLOCK
543,1,AND GROCERY
544,1,AND HAND
545,1,AND HANDPAINTED
546,1,AND HIRE
547,1,AND IDENTIFY
548,1,AND INFORMATION
549,1,AND IOS
550,1,AND IRONHIDE
551,1,AND LOCKDOWN
552,1,AND LOTS
553,1,AND LOVED
554,1,AND MOBILITY
555,1,AND MORE
556,1,AND PIZZA
557,1,AND RATCHET
558,1,AND RESPONSIVE
559,1,AND SHOES
560,1,AND STARSCREAM
561,1,AND THEN
562,1,AND TRANSPORT
563,1,AND TRAVEL
564,1,AND URBAN
565,1,AND WHAT
566,1,AND WHITE
567,1,AND WILD
568,1,AND WIPES
569,1,AND WITHOUT
570,1,AND WORK
571,1,AND WOUNDED
572,1,ANDREWGIBBY 
573,1,ANDROID AND
574,1,ANGELA ENGLANDER
575,1,ANNOUNCEMENT ABOUT
576,1,ANNOUNCES BOOK
577,1,ANTIRACISM SYSTEMICRACISM
578,1,ANY OTHER
579,1,ANY TIME
580,1,ANYMORE 
581,1,ANYTHINK COVID19
582,1,APPEARANCE WITH
583,1,APPLY HEROESWEARORANGE
584,1,APPLY REGISTERED
585,1,APPLY TO
586,1,APPRECIATE WITH
587,1,APPRECIATION WILL
588,1,ARE ALREADY
589,1,ARE BOOMING
590,1,ARE EVALUATED
591,1,ARE EXPECTED
592,1,ARE GETTING
593,1,ARE HAILING
594,1,ARE HERE
595,1,ARE MADE
596,1,ARE ON
597,1,ARE POSTLOCKDOWN
598,1,ARE STABLE
599,1,ARE TARGETED
600,1,ARRESTED THE
601,1,ARRESTED‚Ä¶ HTTPSTCOOJDJOFYKKR
602,1,ART INSTALLATION
603,1,ART PROGRAMS
604,1,AS 7830
605,1,AS HUMAN
606,1,AS IT
607,1,AS MANY
608,1,AS OF
609,1,AS SALES
610,1,ASIDE YOU
611,1,ASKED CIUSSS
612,1,ASSESSMENT CENTRE
613,1,ASTROLOGER TO
614,1,AT 10522
615,1,AT ANY
616,1,AT BIZ
617,1,AT DINNER
618,1,AT HALIFAX
619,1,AT KINGSTON
620,1,AT MEDCOR
621,1,AT MENTAL
622,1,AT MGA
623,1,AT PEEL
624,1,AT SIX
625,1,AT SNOW
626,1,AT STURGIS
627,1,AT SWEAT22STUDIO
628,1,AT THE
629,1,AT YOUNGDAVIDSON
630,1,ATTACK IN
631,1,ATTACK ON
632,1,ATTACK WHICH
633,1,ATTEND VIRTUAL
634,1,AT‚Ä¶ HTTPSTCOXPF2BKMAK2
635,1,AUTHORITIES THERE‚Ä¶
636,1,AUTOBIOGRAPHY 
637,1,AUTOBOTS DECEPTICONS
638,1,AUTOBOTS DINOBOTS
639,1,AUTOBOTS SOUNDWAVESUPERIOR
640,1,AVAILABLE TO
641,1,AVENUE PANDEMIC
642,1,AWAY BE
643,1,AWAY FILMMAKER
644,1,A‚Ä¶ HTTPSTCOIGSQ2MS984
645,1,BACK KODIAKS
646,1,BAD BASED
647,1,BADEN POWER
648,1,BANGALORE LOCKDOWN
649,1,BANGAZ ARE
650,1,BAP HOP
651,1,BAR AND
652,1,BAR HTTPSTCOPEFJYXPNEZ
653,1,BASED ON
654,1,BASICALLY DON‚ÄôT
655,1,BC CLICK
656,1,BDAY ü•≥
657,1,BE HIM
658,1,BE MARKED
659,1,BE MATCHED
660,1,BE RECOVERING
661,1,BE RELEASED
662,1,BE SAFE
663,1,BE THE
664,1,BEACH CALIFORNIA
665,1,BEAR CREEK
666,1,BEAUTIFUL SUNSET
667,1,BEDS HTTPSTCOIETSATMTNL
668,1,BEEN ARRESTED
669,1,BEEN ARRESTED‚Ä¶
670,1,BEEN SEEING
671,1,BEER JOKES
672,1,BEFORE FEB
673,1,BEFORE RESTRICTIONS
674,1,BEFORE THEY
675,1,BEING EXTRA
676,1,BENTOBOX AND
677,1,BEST INSPIRATION
678,1,BESTDOC 
679,1,BESTSTAFF GOODVIBES
680,1,BEYOND LOCAL
681,1,BINGE WATCHED
682,1,BIO FOR
683,1,BIO PERSONAL
684,1,BIT OF
685,1,BIT SO
686,1,BIZ CLOSURES
687,1,BLACKLIVESMATTER HTTPSTCOYTVVY8FHAQ
688,1,BLOCKBUSTER VHS
689,1,BLOCKBUSTER WAS
690,1,BLOG AMP
691,1,BLOWUP IMAGE
692,1,BLUE AND
693,1,BLUE MOUNTAINS
694,1,BONFIRE BONFIRENIGHT
695,1,BONFIRENIGHT COVID19
696,1,BOOM BAP
697,1,BOOMING SCIENTISTS
698,1,BOOT XOX
699,1,BORDERS TO
700,1,BOSTON DEDICATED
701,1,BRACES IDB
702,1,BRAMPTON ONTARIO
703,1,BRAMPTON WILLIAM
704,1,BRAMPTONONTARIO MISSISAUGA
705,1,BRIDGE WALKWAY
706,1,BRINGYOUROWNBLANKET BYOB
707,1,BRUNSWICK 2
708,1,BRUNSWICK NO
709,1,BRUNSWICK ONE
710,1,BUDGET HTTPSTCOHOI5IRBJW8
711,1,BUILD A
712,1,BUMBLEBEE THUNDERCRACKER
713,1,BUNKERBLONDE ITSALMOSTTHEENDOFTHEWORLD
714,1,BURNING 3ACRESFARM
715,1,BURRRRRRR IT‚ÄôS
716,1,BUSINESS HTTPSTCO26MTPBRIQP
717,1,BUSINESS HTTPSTCO65CTBSIAAV
718,1,BUSINESS HTTPSTCOZBA51DAYAX
719,1,BUSINESS THE
720,1,BUSINESSES AFFECTED
721,1,BUSINESSES IT
722,1,BUT I
723,1,BUT IT
724,1,BUT SOME
725,1,BUT WAIT
726,1,BUTT KARANAF
727,1,BY 50
728,1,BY BLUE
729,1,BY DONATING
730,1,BY MAIL
731,1,BY OUR
732,1,BYOB WOODFIRE
733,1,CALIFORNIA HTTPSTCOABG3775CLH
734,1,CAMPAIGN IN
735,1,CAMPBELL RIVER
736,1,CAMPUS THE
737,1,CAN HAPPEN
738,1,CAN MAKE
739,1,CAN YOU
740,1,CANA HTTPSTCOGHYVGNOEDX
741,1,CANADA CHECK
742,1,CANADA EU
743,1,CANADA FEWER
744,1,CANADA HAVE
745,1,CANADA HEALTHCARE
746,1,CANADA HTTPSTCOKGFDQYOZH7
747,1,CANADA IS
748,1,CANADA PANICKY
749,1,CANADA PREMEDITATED
750,1,CANADA SOME
751,1,CANADA STABBING
752,1,CANADA UPDATES
753,1,CANADADURINGCOVID 
754,1,CANADA‚ÄôS COVID19
755,1,CANADA‚ÄôS GROWTH
756,1,CANADA‚ÄôS NEW
757,1,CANADA‚ÄôS OVERALL
758,1,CANADIAN CITY
759,1,CANADIAN ECONOMY
760,1,CANADIAN POLICE
761,1,CANADIAN PROVINCES
762,1,CANADIANROCKIES SUNSET
763,1,CANADIANS HAVE
764,1,CANADIANS TO
765,1,CANADIANS URGED
766,1,CANMORE ALBERTA
767,1,CANMORE CANMOREALBERTA
768,1,CANMOREALBERTA CANADIANROCKIES
769,1,CANT WAIT
770,1,CAN‚ÄôT STOP
771,1,CAPITAL AS
772,1,CASE HTTPSTCO0FWGBZ1MVE
773,1,CASE IN
774,1,CASE NOV
775,1,CASE REPORTED
776,1,CASE SURGE
777,1,CASELOAD HAS
778,1,CASES AMP
779,1,CASES EVER
780,1,CASES HTTPSTCOWWWPJJPAGO
781,1,CASES HTTPSTCOYUP6NJAJWK
782,1,CASES HTTPSTCOZFAFHRJKZH
783,1,CASES ON
784,1,CASES SHATTERED
785,1,CASES SINCE
786,1,CASES SOARS
787,1,CASES SURPASS
788,1,CASES THE
789,1,CASUAL YGK
790,1,CATCHING COVID
791,1,CATHARINES ON
792,1,CATWALK FACESHIELD
793,1,CATWALK SHOW
794,1,CAULIFLOWER MY
795,1,CBRIDGE COVID
796,1,CBRIDGE HTTPSTCOWESBH0FH7R
797,1,CBRIDGE SMALLBUSINESSMATTERS
798,1,CELEBRATION OF
799,1,CENTRAL LA
800,1,CENTRE 
801,1,CENTRE FOR
802,1,CENTRE YOURE
803,1,CEREMONIES POLL
804,1,CHALLENGES HTTPSTCOEG9JXGMDDK
805,1,CHAMPION QUALITY
806,1,CHAMPIONSHIP MISSING
807,1,CHAMPIONSON 
808,1,CHANG UP
809,1,CHANGE AFTER
810,1,CHANGED OUR
811,1,CHARGES ARE
812,1,CHAT FOR
813,1,CHAT TAKES
814,1,CHAT THIS
815,1,CHECK OUT
816,1,CHELMSFORD TEMPORARILY
817,1,CHICKEN PRE
818,1,CHILDHAVEN CHILDHAVENINTERNATIONAL
819,1,CHILDHAVENINTERNATIONAL HTTPSTCOZTDNDYPJVS
820,1,CHILDREN GET
821,1,CHILL WITH
822,1,CHIU WEDDINGDRESS
823,1,CHRISTIAN DUB√â
824,1,CITIZENS OF
825,1,CITY OF
826,1,CITY WAS
827,1,CITYOFANGLES CANT
828,1,CITYOFCAMBRIDGE SMALLBUSINESS
829,1,CIUSSS ABOUT
830,1,CLINIC HOURS
831,1,CLINIC LOCATED
832,1,CLOSE FRIEND
833,1,CLOSES DINEIN
834,1,CLOSURES ALSO
835,1,CLUB HELPING
836,1,CLUB HTTPSTCOIYMKJGZSDO
837,1,CLUE ABOUT
838,1,COLD AND
839,1,COLDTIME TO
840,1,COLLECTION LOVE
841,1,COLLECTION PLEATEDSKIRT
842,1,COLLECTION WITH
843,1,COLOUR COVID19
844,1,COLOURCODED FRAMEWORK
845,1,COLUMBIA HTTPSTCOFO2PHZQMO1
846,1,COLUMBIA HTTPSTCONGV8UKIQXA
847,1,COLUMBIA HTTPSTCOWIHJMMM0LF
848,1,COMEDY TO
849,1,COMMONS SETS
850,1,COMMUNITY COMMUNITYNEWS
851,1,COMMUNITYNEWS FEATURED
852,1,COMPASSIONATE NURSING
853,1,COMPLIANCE OFFICER
854,1,CONCEITED SELFIES
855,1,CONFIRMED PARTIAL
856,1,CONFIRMS 1003
857,1,CONFIRMS 1242
858,1,CONFIRMS 1388
859,1,CONFIRMS RECORD
860,1,CONNECT THEM
861,1,CONNECTING ALL
862,1,CONSIDERING ADDITIONAL
863,1,CONSULATEGENERAL OF
864,1,CONTEXTS OF
865,1,CONTINUE FOR
866,1,CONTINUE JOINT
867,1,CONTINUE TO
868,1,CONTINUING TO
869,1,COOL MASCARA
870,1,CORONA BEER
871,1,CORONA ü¶†
872,1,CORONAMEMES 
873,1,CORONAVIRUS I
874,1,CORPORATES ARE
875,1,COULD GET
876,1,COULDN‚ÄôT APPRECIATE
877,1,COUNTRIES COVID19
878,1,COUNTRY TO
879,1,COUNTRY‚ÄôS PROVINCES
880,1,COURAGEOUS COMPASSIONATE
881,1,COVID 19
882,1,COVID A
883,1,COVID ASSESSMENT
884,1,COVID BDAY
885,1,COVID COMPLIANCE
886,1,COVID COVID19
887,1,COVID DOUBLE
888,1,COVID EXPERIENCES
889,1,COVID GOT
890,1,COVID HTTPSTCOAEZUUENYFM
891,1,COVID IS
892,1,COVID RELIEF
893,1,COVID RESTRICTIONS
894,1,COVID TIMES
895,1,COVID UP
896,1,COVID WORLD
897,1,COVID ü•∂ü•∂ü•µGIRLSWHOLIFT
898,1,COVID19 2020
899,1,COVID19 2020SUCKS
900,1,COVID19 AND
901,1,COVID19 BY
902,1,COVID19 CASELOAD
903,1,COVID19 CHALLENGES
904,1,COVID19 CHILDHAVEN
905,1,COVID19 COLD
906,1,COVID19 CURBS
907,1,COVID19 EDITION
908,1,COVID19 EPIDEMIC
909,1,COVID19 HERES
910,1,COVID19 HOW
911,1,COVID19 HUMAN
912,1,COVID19 IN
913,1,COVID19 IS
914,1,COVID19 LOCKDOWNS
915,1,COVID19 MEDICALMASK
916,1,COVID19 NEWS
917,1,COVID19 NUMBERS
918,1,COVID19 ON
919,1,COVID19 OUTBREAK
920,1,COVID19 OUTDOORDINING
921,1,COVID19 PLEASE
922,1,COVID19 PUBLIC
923,1,COVID19 RELIEF
924,1,COVID19 REMOTE
925,1,COVID19 RESEARCH
926,1,COVID19 SHELTERINPLACES
927,1,COVID19 SHITSHOW
928,1,COVID19 SITUATION
929,1,COVID19 TAKE
930,1,COVID19 THE
931,1,COVID19 VACCINE
932,1,COVID19‚Ä¶ HTTPSTCOEMPGCNY5NX
933,1,CRAIGLEITHSKICLUB 
934,1,CREATING PPE
935,1,CREEK HTTPSTCOSDL4DTFLUE
936,1,CREEK SECONDARY
937,1,CRESCENT VANCOUVERBC
938,1,CR√úE MASKS
939,1,CURBS AMID
940,1,CUSTOMERS ARE
941,1,CUTE DRESS
942,1,DAD SAID
943,1,DAILY INCREASE
944,1,DAIRY QUEEN
945,1,DANFORTH HTTPSTCOIJP46BVHMG
946,1,DANGER OF
947,1,DARN RIGHT
948,1,DATA SHOWING
949,1,DAY 8
950,1,DAY CEREMONIES
951,1,DAY SUNDAY
952,1,DAY THIS
953,1,DAYS ANYMORE
954,1,DEAL WITH
955,1,DEATH TOLL
956,1,DECEPTICONS AERIALBOTS
957,1,DECEPTICONS AUTOBOTS
958,1,DECEPTICONS IOSGAMES
959,1,DECLARED AT
960,1,DEDICATED TO
961,1,DEEP APPRECIATION
962,1,DELHI REPORTS
963,1,DELHI THE
964,1,DELICIOUS LOCAL
965,1,DELIVERED TO
966,1,DEMAND DURING
967,1,DEMOCRACY AMP
968,1,DESCRIPTION AND
969,1,DETAILED LOOK
970,1,DETAILS AND
971,1,DETERMINATION TO
972,1,DEVOTED CUSTOMERS
973,1,DID IT
974,1,DIDNT WEARAMASK
975,1,DIFFERENT IN
976,1,DIFFERENTLY SO
977,1,DIMSUN HANDBAGS
978,1,DINEIN SERVICE
979,1,DINNER 
980,1,DINNER BEFORE
981,1,DINNER GIOVANNISITALIANPIZZABAR
982,1,DINNER IT‚ÄôS
983,1,DINOBOTS DECEPTICONS
984,1,DIRECTED MADHURI
985,1,DISEASES BEFORE
986,1,DISTANCING 
987,1,DISTANCING IS
988,1,DIXIT IN
989,1,DO OPEN
990,1,DOC HTTPSTCOUSP9M9AIOS
991,1,DODGERS WIN
992,1,DOLLAR YOU
993,1,DOMINICA SOCIAL
994,1,DONATE TODAY
995,1,DONATE WILL
996,1,DONATING TO
997,1,DONE BY
998,1,DONE HERE
999,1,DONT NEED
1000,1,DONT SEE
