1,107,
2,101,THE
3,91,COVID19
4,84,TO
5,56,OF
6,54,IN
7,46,AND
8,43,A
9,36,COVID
10,35,FOR
11,35,ONTARIO
12,34,CASES
13,32,NEW
14,30,NEWS
15,30,ON
16,27,AT
17,27,CANADA
18,21,OUR
19,20,PANDEMIC
20,19,THIS
21,19,TODAY
22,18,IS
23,16,HEALTH
24,16,WITH
25,15,HAS
26,15,IT
27,15,YOU
28,14,AMP
29,13,HAVE
30,12,ARE
31,12,FEATURED
32,12,FROM
33,12,MONTREAL
34,12,MORE
35,12,PLACE
36,11,AS
37,11,DURING
38,10,AN
39,10,BUSINESS
40,10,MY
41,10,NOV
42,10,TORONTO
43,10,UP
44,9,ALL
45,9,BE
46,9,GLOBAL
47,9,I
48,9,LOCKDOWN
49,9,WE
50,8,2
51,8,ABOUT
52,8,CORONAVIRUS
53,8,FACESHIELD
54,8,HOPKINS
55,8,JOHNS
56,7,BY
57,7,HELP
58,7,HOME
59,7,WAS
60,7,WHILE
61,7,WILL
62,6,BEYOND
63,6,CAN
64,6,FASHIONARTTORONTO
65,6,LIVE
66,6,LOOKS
67,6,NUMBER
68,6,RESTRICTIONS
69,6,US
70,6,WORK
71,5,ACCORDING
72,5,APPLY
73,5,BIO
74,5,BRUNSWICK
75,5,CASE
76,5,COLLECTION
77,5,INDIA
78,5,I’M
79,5,JOB
80,5,LATEST
81,5,LINK
82,5,MASKS
83,5,ONE
84,5,OTTAWA
85,5,OVERALL
86,5,QUARANTINE
87,5,QUEBEC
88,5,REPORTS
89,5,SAID
90,5,SO
91,5,SURGED
92,5,THAT
93,5,TIME
94,5,WALK
95,5,WHAT
96,4,2020
97,4,ALSO
98,4,AMID
99,4,BUT
100,4,CANADA’S
101,4,CANADIAN
102,4,CLICK
103,4,CONFIRMS
104,4,DAY
105,4,DEATHS
106,4,DINNER
107,4,DON’T
108,4,FEATURING
109,4,GET
110,4,HERE
111,4,HOW
112,4,IMMIGRATION
113,4,ITS
114,4,LOVE
115,4,MARK
116,4,MASK
117,4,MENTAL
118,4,MILLION
119,4,MINISTER
120,4,NEARING
121,4,NEED
122,4,NEXT
123,4,ONGOING
124,4,OUT
125,4,PEOPLE
126,4,PUBLIC
127,4,RIVERVIEW
128,4,SCENE
129,4,SECOND
130,4,SEE
131,4,SOME
132,4,SPREAD
133,4,SUNSET
134,4,SUPPORT
135,4,VACCINE
136,4,WAVE
137,4,WEBINAR
138,3,3
139,3,570NEWS
140,3,910
141,3,AM
142,3,ANGRYBIRDS
143,3,ANGRYBIRDSTRANSFORMERS
144,3,ATTACK
145,3,AUTOBOTS
146,3,B2B
147,3,BATTLE
148,3,BEEN
149,3,BEFORE
150,3,BENTOBOX
151,3,BRITISH
152,3,BUDGET
153,3,CANADIANS
154,3,CARE
155,3,CAREGIVING
156,3,CBRIDGE
157,3,CENTRE
158,3,CHAT
159,3,CHATS
160,3,COLUMBIA
161,3,CONTINUE
162,3,COWANINSURANCE
163,3,DAYS
164,3,DECEPTICONS
165,3,ENOUGH
166,3,ENTERTAINMENT
167,3,EXPERIENCES
168,3,FACE
169,3,FALL
170,3,FINANCIAL
171,3,FIVE
172,3,GETTING
173,3,GOT
174,3,GOVERNMENT
175,3,GREGDUROCHER
176,3,GUIDELINES
177,3,HEALTHCARE
178,3,HIM
179,3,INCLUDES
180,3,INTO
181,3,IOSGAMES
182,3,JBELLAVA
183,3,JUST
184,3,KILLED
185,3,LAPRESSE
186,3,LAST
187,3,LEGAULT
188,3,LOOK
189,3,LOOKING
190,3,MOST
191,3,NIGHTS
192,3,NOON
193,3,NOT
194,3,NOW
195,3,NURSING
196,3,OF…
197,3,ONTARIOPLACE
198,3,OSLER
199,3,PERSONAL
200,3,POLICE
201,3,PROVINCES
202,3,QUEBECS
203,3,RE
204,3,REALESTATE
205,3,RECORD
206,3,REGIONS
207,3,REP
208,3,REPORTED
209,3,SAFE
210,3,SANITIZER
211,3,SAYS
212,3,SCHOOL
213,3,SERIES
214,3,SITUATION
215,3,STAY
216,3,SWORD
217,3,SYSTEM
218,3,TAKE
219,3,TECHNICIAN
220,3,THAN
221,3,THERE
222,3,THEY
223,3,THE…
224,3,THINGS
225,3,TIMMINS
226,3,TRANSFORMERS
227,3,TUNE
228,3,TWO
229,3,UNIVERSITY
230,3,URBAN
231,3,VARIOUS
232,3,VISIT
233,3,VON
234,3,WEAR
235,3,WEARAMASK
236,3,WEEKENDS
237,3,WERE
238,3,WHICH
239,3,WHO
240,3,WITHOUT
241,3,WORKER
242,3,WORLD
243,3,YEAR
244,2,1
245,2,1426
246,2,19
247,2,4
248,2,7830
249,2,90
250,2,ACTION
251,2,ACTOR
252,2,ALMOST
253,2,ALREADY
254,2,ANUPAM
255,2,ANY
256,2,ART
257,2,AWAY
258,2,BAR
259,2,BIKE
260,2,BIT
261,2,BLOCKBUSTER
262,2,BLUE
263,2,BOLLYWOOD
264,2,BOOK
265,2,BRAMPTON
266,2,BUSINESSES
267,2,CANMORE
268,2,CATWALK
269,2,CHALLENGE
270,2,CHAMBER
271,2,CITY
272,2,CLINIC
273,2,CLUB
274,2,CORONA
275,2,CREEK
276,2,CURRENT
277,2,DELHI
278,2,DISTANCING
279,2,DONATE
280,2,DONE
281,2,DONT
282,2,DRESS
283,2,DTKITCHENER
284,2,EACH
285,2,EFFORTS
286,2,ELECTION
287,2,ESPECIALLY
288,2,EVEN
289,2,EVENINGS
290,2,EXPOSURES
291,2,FAMILY
292,2,FILMMAKER
293,2,FIRST
294,2,FITNESS
295,2,FLU
296,2,FRAMEWORK
297,2,FURTHER
298,2,GLENRINNES
299,2,GOING
300,2,GRAHAM
301,2,GREAT
302,2,GRIMLOCK
303,2,GROWTH
304,2,HALLOWEEN
305,2,HAND
306,2,HARDEEP
307,2,HE
308,2,HER
309,2,HIGHEST
310,2,HIRING
311,2,HIS
312,2,HOSPITAL
313,2,HOURS
314,2,HOUSE
315,2,HOUSING
316,2,HUMAN
317,2,IMPROVE
318,2,INCIDENT
319,2,INCLUDING
320,2,INCREASE
321,2,INDIAN
322,2,INFORMATION
323,2,INSPIRED
324,2,INTERNET
325,2,ISSUE
326,2,IT’S
327,2,JOIN
328,2,JOKES
329,2,JUSTIN
330,2,KEEPING
331,2,KHER
332,2,LA
333,2,LEAST
334,2,LEVELS
335,2,LIFE
336,2,LIKE
337,2,LOCAL
338,2,LOL
339,2,LOTS
340,2,MAJOR
341,2,MAKE
342,2,MASCARA
343,2,MEASURES
344,2,MEDICALMASK
345,2,MINE
346,2,MOBILITY
347,2,MUSIC
348,2,NEIGHBOURS
349,2,NIAGARA
350,2,NO
351,2,NURSE
352,2,OPEN
353,2,OPPORTUNITY
354,2,OR
355,2,OTHER
356,2,OUTBREAK
357,2,PATIO
358,2,PLAN
359,2,PLANNING
360,2,POSITIONS
361,2,POTENTIAL
362,2,PREMEDITATED
363,2,PRIME
364,2,PROGRAMS
365,2,PROVIDES
366,2,PROVINCE
367,2,PURI
368,2,QUEEN
369,2,RATTAN
370,2,REGISTERED
371,2,RELIEF
372,2,REMEMBRANCE
373,2,REPORT
374,2,REPS
375,2,RESULTS
376,2,RIGHT
377,2,RISK
378,2,SALES
379,2,SCIENCE
380,2,SCIENTISTS
381,2,SEASON
382,2,SEEMS
383,2,SETS
384,2,SHOPPING
385,2,SOCIAL
386,2,ST
387,2,STABBING
388,2,STABLE
389,2,STATES
390,2,STOP
391,2,STORE
392,2,STRATEGIC
393,2,STRINGENT
394,2,SUDARSHAN
395,2,SUNDAY
396,2,SUSPECT
397,2,THANKS
398,2,THEIR
399,2,THEM
400,2,THESE
401,2,THOSE
402,2,TIMES
403,2,TOLL
404,2,TOO
405,2,TOOK
406,2,TOP
407,2,TOPPED
408,2,TRANSPORT
409,2,TRAVEL
410,2,TRUDEAU
411,2,UNION
412,2,UNITED
413,2,UPDATE
414,2,UPTOWNWATERLOO
415,2,URGED
416,2,VANCOUVER
417,2,VIRTUAL
418,2,VISA
419,2,WAIT
420,2,WAY
421,2,WEDNESDAY
422,2,WEEK
423,2,WEEKS
424,2,WELLMASTER
425,2,WELLNESS
426,2,WHERE
427,2,WORSE
428,2,YOUNGDAVIDSON
429,2,YOUR
430,2,YOURE
431,2,❤️
432,1,10
433,1,1003
434,1,100TH
435,1,1019
436,1,102ND
437,1,1050
438,1,10522
439,1,11
440,1,1132
441,1,1193860
442,1,1199500
443,1,1211990
444,1,1223450
445,1,1242
446,1,1328
447,1,1388
448,1,15000
449,1,1986
450,1,2020JOKES
451,1,2020SUCKS
452,1,2021‒2023
453,1,260000
454,1,264045
455,1,3ACRESFARM
456,1,3LAYER
457,1,46
458,1,464
459,1,464MN
460,1,46MN
461,1,473
462,1,473MN
463,1,48
464,1,48MN
465,1,5
466,1,50
467,1,6
468,1,7
469,1,8
470,1,987
471,1,ACCEPTING
472,1,ACTINOLITE
473,1,ACTINOLITERESTAURANT
474,1,ADDING
475,1,ADDITIONAL
476,1,ADDRESS
477,1,AERIALBOTS
478,1,AFFAIRS
479,1,AFFECTED
480,1,AFRICANSTYLE
481,1,AFRO
482,1,AFTER
483,1,AG
484,1,AGED
485,1,AGENCY
486,1,AID
487,1,AIR
488,1,AIRBORNE
489,1,AIRBORNE…
490,1,AIRLINES
491,1,ALBERTA
492,1,ALEXFITZBLACK
493,1,ALI’S
494,1,ALLTIME
495,1,ALWAYS
496,1,AMBERCATALYST
497,1,AMERICA
498,1,ANDREWGIBBY
499,1,ANDROID
500,1,ANDROIDDEV
501,1,ANGELA
502,1,ANNOUNCEMENT
503,1,ANNOUNCES
504,1,ANTIRACISM
505,1,ANYMORE
506,1,ANYTHINK
507,1,APPEARANCE
508,1,APPRECIATE
509,1,APPRECIATION
510,1,ARRESTED
511,1,ARRESTED…
512,1,ASIDE
513,1,ASKED
514,1,ASSESSMENT
515,1,ASTROLOGER
516,1,ATTEND
517,1,AT…
518,1,AUTHORITIES
519,1,AUTOBIOGRAPHY
520,1,AVAILABLE
521,1,AVENUE
522,1,A…
523,1,BACK
524,1,BAD
525,1,BADEN
526,1,BANGALORE
527,1,BANGAZ
528,1,BAP
529,1,BASED
530,1,BASICALLY
531,1,BC
532,1,BDAY
533,1,BEACH
534,1,BEAR
535,1,BEAUTIFUL
536,1,BEDS
537,1,BEER
538,1,BEING
539,1,BEST
540,1,BESTDOC
541,1,BESTSTAFF
542,1,BINGE
543,1,BIZ
544,1,BLACKLIVESMATTER
545,1,BLOG
546,1,BLOWUP
547,1,BONFIRE
548,1,BONFIRENIGHT
549,1,BOOM
550,1,BOOMING
551,1,BOOT
552,1,BORDERS
553,1,BOSTON
554,1,BRACES
555,1,BRAMPTONONTARIO
556,1,BRIDGE
557,1,BRINGYOUROWNBLANKET
558,1,BUILD
559,1,BUMBLEBEE
560,1,BUNKERBLONDE
561,1,BURNING
562,1,BURRRRRRR
563,1,BUTT
564,1,BYOB
565,1,CALIFORNIA
566,1,CAMPAIGN
567,1,CAMPBELL
568,1,CAMPUS
569,1,CANA
570,1,CANADADURINGCOVID
571,1,CANADIANROCKIES
572,1,CANMOREALBERTA
573,1,CANT
574,1,CAN’T
575,1,CAPITAL
576,1,CASELOAD
577,1,CASUAL
578,1,CATCHING
579,1,CATHARINES
580,1,CAULIFLOWER
581,1,CELEBRATION
582,1,CENTRAL
583,1,CEREMONIES
584,1,CHALLENGES
585,1,CHAMPION
586,1,CHAMPIONSHIP
587,1,CHAMPIONSON
588,1,CHANG
589,1,CHANGE
590,1,CHANGED
591,1,CHARGES
592,1,CHECK
593,1,CHELMSFORD
594,1,CHICKEN
595,1,CHILDHAVEN
596,1,CHILDHAVENINTERNATIONAL
597,1,CHILDREN
598,1,CHILL
599,1,CHIU
600,1,CHRISTIAN
601,1,CITIZENS
602,1,CITYOFANGLES
603,1,CITYOFCAMBRIDGE
604,1,CIUSSS
605,1,CLOSE
606,1,CLOSES
607,1,CLOSURES
608,1,CLUE
609,1,COLD
610,1,COLDTIME
611,1,COLOUR
612,1,COLOURCODED
613,1,COMEDY
614,1,COMMONS
615,1,COMMUNITY
616,1,COMMUNITYNEWS
617,1,COMPASSIONATE
618,1,COMPLIANCE
619,1,CONCEITED
620,1,CONFIRMED
621,1,CONNECT
622,1,CONNECTING
623,1,CONSIDERING
624,1,CONSULATEGENERAL
625,1,CONTEXTS
626,1,CONTINUING
627,1,COOL
628,1,CORONAMEMES
629,1,CORPORATES
630,1,COULD
631,1,COULDN’T
632,1,COUNTRIES
633,1,COUNTRY
634,1,COUNTRY’S
635,1,COURAGEOUS
636,1,COVID19…
637,1,CRAIGLEITHSKICLUB
638,1,CREATING
639,1,CRESCENT
640,1,CRÜE
641,1,CURBS
642,1,CUSTOMERS
643,1,CUTE
644,1,DAD
645,1,DAILY
646,1,DAIRY
647,1,DANFORTH
648,1,DANGER
649,1,DARN
650,1,DATA
651,1,DEAL
652,1,DEATH
653,1,DECLARED
654,1,DEDICATED
655,1,DEEP
656,1,DELICIOUS
657,1,DELIVERED
658,1,DEMAND
659,1,DEMOCRACY
660,1,DESCRIPTION
661,1,DETAILED
662,1,DETAILS
663,1,DETERMINATION
664,1,DEVOTED
665,1,DID
666,1,DIDNT
667,1,DIFFERENT
668,1,DIFFERENTLY
669,1,DIMSUN
670,1,DINEIN
671,1,DINOBOTS
672,1,DIRECTED
673,1,DISEASES
674,1,DIXIT
675,1,DO
676,1,DOC
677,1,DODGERS
678,1,DOLLAR
679,1,DOMINICA
680,1,DONATING
681,1,DONVID45
682,1,DOOR
683,1,DOUBLE
684,1,DOUBLED
685,1,DRINK
686,1,DRIVE
687,1,DROPLETS
688,1,DUBÉ
689,1,DUE
690,1,DUMP
691,1,EARLY
692,1,EAST
693,1,ECONOMY
694,1,EDITION
695,1,EFFECTIVE
696,1,EFFECTIVENESS
697,1,ELECTION2020
698,1,ELEMENTARY
699,1,ELIZABETH
700,1,EMBROIDERY
701,1,EMBROIDERYDESIGN
702,1,EMPLOYEES
703,1,ENGINEERS
704,1,ENGLANDER
705,1,ENSURE
706,1,ENTIRE
707,1,EPIDEMIC
708,1,ERODES
709,1,ESTATE
710,1,EU
711,1,EUROPEAN
712,1,EVALUATED
713,1,EVENT
714,1,EVER
715,1,EVERY
716,1,EVERYONE
717,1,EVICTED
718,1,EXCEPTION
719,1,EXCLUDING
720,1,EXCUSES
721,1,EXOTIC
722,1,EXPANDS
723,1,EXPECTED
724,1,EXPLOSION
725,1,EXPRESS
726,1,EXTEND
727,1,EXTENSION
728,1,EXTRA
729,1,EYESHADOW
730,1,FACEMASK
731,1,FACTORY
732,1,FAITH
733,1,FALLEN
734,1,FALLS
735,1,FASHION
736,1,FEB
737,1,FEELINGS
738,1,FEWER
739,1,FILTER
740,1,FINAL
741,1,FIRE
742,1,FIRED
743,1,FIRES
744,1,FLY
745,1,FOCUS
746,1,FORD
747,1,FOREVER
748,1,FRIDAY
749,1,FRIEND
750,1,FRONT
751,1,FRONTLINE
752,1,FT
753,1,FUNDING
754,1,FUNDS
755,1,GIANT
756,1,GILLARD
757,1,GIOVANNISITALIANPIZZABAR
758,1,GIOVANNI’S
759,1,GLAD
760,1,GO
761,1,GOLD
762,1,GOLF
763,1,GOOD
764,1,GOODINFLUENCE
765,1,GOODLIFE
766,1,GOODVIBES
767,1,GRANDPARENTS
768,1,GRATEFUL
769,1,GROCERY
770,1,GROUP
771,1,GROUPS
772,1,GTA
773,1,GUADALUPEGOMEZRODRIZ
774,1,GUN
775,1,GUNS
776,1,GYM
777,1,HAD
778,1,HAILING
779,1,HALIFAX
780,1,HALLOWEEN2020
781,1,HALLOWEENADDICTIONN
782,1,HAMILTON
783,1,HAMONT
784,1,HANDBAGS
785,1,HANDPAINTED
786,1,HAPPEN
787,1,HAPPENED
788,1,HAPPENS
789,1,HAPPY
790,1,HAPPYBIRTHDAY
791,1,HAPPYCOVIDBIRTHDAY
792,1,HAS…
793,1,HATYA
794,1,HAUNTED
795,1,HAUNTEDHOUSEJOKE
796,1,HEART
797,1,HEARTIES
798,1,HELPING
799,1,HERES
800,1,HEROES
801,1,HEROESWEARORANGE
802,1,HIGH
803,1,HIGHSPEED
804,1,HIPHOPMUSIC
805,1,HIRE
806,1,HIT
807,1,HOCKEY
808,1,HOMESWEETHOME
809,1,HONEY
810,1,HONOUR
811,1,HOODIE
812,1,HOOMANS
813,1,HOP
814,1,HOPE
815,1,HOPEFULLY
816,1,HRM
817,1,HTTPSTCO0FWGBZ1MVE
818,1,HTTPSTCO1NQCCDD3GD
819,1,HTTPSTCO1Q6M1OKSDR
820,1,HTTPSTCO1VRPSENJDL
821,1,HTTPSTCO1VU7T6AYLW
822,1,HTTPSTCO1XDDVNUGNC
823,1,HTTPSTCO24ELUFZEQE
824,1,HTTPSTCO26MTPBRIQP
825,1,HTTPSTCO2C0DYLPBQO
826,1,HTTPSTCO2JJX8I5OWW
827,1,HTTPSTCO2KSETG3GHA
828,1,HTTPSTCO2S1OXSROIG
829,1,HTTPSTCO2U1ETTSP4A
830,1,HTTPSTCO3CRXTGMAFA
831,1,HTTPSTCO3HF1DURQ8J
832,1,HTTPSTCO3IWBWIO9BL
833,1,HTTPSTCO44BJOMJROR
834,1,HTTPSTCO44JTSCUECD
835,1,HTTPSTCO47KGMDYQTT
836,1,HTTPSTCO489UKOVUBX
837,1,HTTPSTCO48DSUPXLMM
838,1,HTTPSTCO4H8P2T1LHJ
839,1,HTTPSTCO535MWW0VDZ
840,1,HTTPSTCO5GU9DGDBYT
841,1,HTTPSTCO5IMRD8RWTA
842,1,HTTPSTCO5IUGUWPIVF
843,1,HTTPSTCO65CTBSIAAV
844,1,HTTPSTCO6DLJGPFZ20
845,1,HTTPSTCO6FF54LXC5O
846,1,HTTPSTCO7HIF6WSPCD
847,1,HTTPSTCO7KLLTEQRXI
848,1,HTTPSTCO7TJVFG8LVA
849,1,HTTPSTCO81MASK84BI
850,1,HTTPSTCO8FI3K00K2U
851,1,HTTPSTCO8YHPZ4WEVI
852,1,HTTPSTCO99MQDNYMB3
853,1,HTTPSTCO9BHOQJXJA0
854,1,HTTPSTCO9BQL1ZC5PH
855,1,HTTPSTCO9DNRKZQFTI
856,1,HTTPSTCO9HC1533B2R
857,1,HTTPSTCO9JQMIWYHJR
858,1,HTTPSTCO9O6D2JZ1Y3
859,1,HTTPSTCOA2ICXXFEZG
860,1,HTTPSTCOABG3775CLH
861,1,HTTPSTCOAEAFV0WSFP
862,1,HTTPSTCOAEZUUENYFM
863,1,HTTPSTCOAH89NR2G3E
864,1,HTTPSTCOAJNIBDNWGW
865,1,HTTPSTCOALWMIRJSCC
866,1,HTTPSTCOAQ1WESU67N
867,1,HTTPSTCOAULWLD4JM3
868,1,HTTPSTCOAVFQOW2WZP
869,1,HTTPSTCOB3ZVWNECQT
870,1,HTTPSTCOB5TN0Z48AY
871,1,HTTPSTCOBLQQOZSGUQ
872,1,HTTPSTCOBNAFEUJOVO
873,1,HTTPSTCOBPL3ZOQF0T
874,1,HTTPSTCOBQ8B9WFODN
875,1,HTTPSTCOBSYPVULX3S
876,1,HTTPSTCOBVOVQG34TU
877,1,HTTPSTCOC6GA3WUPEU
878,1,HTTPSTCOC9WB1RQYBJ
879,1,HTTPSTCOCJPGKQRUWP
880,1,HTTPSTCOCMRJENXPVP
881,1,HTTPSTCOCU7DPQW1YA
882,1,HTTPSTCOD3BMBQEOOQ
883,1,HTTPSTCODYLZNFCEBR
884,1,HTTPSTCOE7FVFCDYJY
885,1,HTTPSTCOEG9JXGMDDK
886,1,HTTPSTCOEMPGCNY5NX
887,1,HTTPSTCOEOZ8JWSHPW
888,1,HTTPSTCOEUWHNTF5FH
889,1,HTTPSTCOEXTHCM4LKF
890,1,HTTPSTCOF9D31KN97K
891,1,HTTPSTCOFACAE9IP5J
892,1,HTTPSTCOFBXVBISJMQ
893,1,HTTPSTCOFDBRWMVYEI
894,1,HTTPSTCOFF94PJPPYU
895,1,HTTPSTCOFK6FGPEBXQ
896,1,HTTPSTCOFKNXLRPFDP
897,1,HTTPSTCOFNJBCG5IWZ
898,1,HTTPSTCOFO2PHZQMO1
899,1,HTTPSTCOFQKL7NPVWU
900,1,HTTPSTCOFTSO1H5MOD
901,1,HTTPSTCOFXWDHOY0GY
902,1,HTTPSTCOFZHJCFRUAL
903,1,HTTPSTCOGCI5S08NPA
904,1,HTTPSTCOGDATJSBHN9
905,1,HTTPSTCOGHYVGNOEDX
906,1,HTTPSTCOGNILDWWDHE
907,1,HTTPSTCOGNTZPOVSAJ
908,1,HTTPSTCOGO14VLSEWP
909,1,HTTPSTCOGORPZYLN0V
910,1,HTTPSTCOHCOYMMRXEY
911,1,HTTPSTCOHF13SREOY5
912,1,HTTPSTCOHLJMKUXRSL
913,1,HTTPSTCOHOI5IRBJW8
914,1,HTTPSTCOHPF8YLYPXR
915,1,HTTPSTCOHQOLRTF3FL
916,1,HTTPSTCOHX8VNCPIEH
917,1,HTTPSTCOHXMQH10JIS
918,1,HTTPSTCOI61EFIC8VN
919,1,HTTPSTCOIETSATMTNL
920,1,HTTPSTCOIGSQ2MS984
921,1,HTTPSTCOIJP46BVHMG
922,1,HTTPSTCOIQJ4PQIDBP
923,1,HTTPSTCOIVY0SJCS22
924,1,HTTPSTCOIYASQXT8GC
925,1,HTTPSTCOIYMKJGZSDO
926,1,HTTPSTCOJDB3ICWBE5
927,1,HTTPSTCOJEKQCEPAZO
928,1,HTTPSTCOK83CXZK7RY
929,1,HTTPSTCOKFL3CHA8BF
930,1,HTTPSTCOKGFDQYOZH7
931,1,HTTPSTCOKKBJXDT6I1
932,1,HTTPSTCOKOZQ7VCC02
933,1,HTTPSTCOKZMVCBWYFT
934,1,HTTPSTCOLCG16GEMAA
935,1,HTTPSTCOLKNPTLENZQ
936,1,HTTPSTCOLOAZ68X3MB
937,1,HTTPSTCOLT1K4XIG8N
938,1,HTTPSTCOLTASIBBEUO
939,1,HTTPSTCOLUD7OOL5ID
940,1,HTTPSTCOLY7OP6KADG
941,1,HTTPSTCOM7SNLHMLZN
942,1,HTTPSTCOMIDADROL7B
943,1,HTTPSTCOMM53YNSQSY
944,1,HTTPSTCOMMFT1CHWBP
945,1,HTTPSTCOMQIPUG2MSA
946,1,HTTPSTCONGV8UKIQXA
947,1,HTTPSTCONNCB4KXACK
948,1,HTTPSTCOO15IPBF8YR
949,1,HTTPSTCOO3VOR4ZG3Q
950,1,HTTPSTCOOBO3TZDVMI
951,1,HTTPSTCOOC82GO1LCR
952,1,HTTPSTCOOJ72OEXOVY
953,1,HTTPSTCOOJDJOFYKKR
954,1,HTTPSTCOOM6IDGTXWN
955,1,HTTPSTCOOVMMYFHLTZ
956,1,HTTPSTCOOYCQR69UUW
957,1,HTTPSTCOPA1P5GCXRK
958,1,HTTPSTCOPEFJYXPNEZ
959,1,HTTPSTCOPKPDMOQ6PY
960,1,HTTPSTCOPQFFHXVW6D
961,1,HTTPSTCOPUDV3FHZIX
962,1,HTTPSTCOPWBJSAL4WQ
963,1,HTTPSTCOQDYW8IYEVM
964,1,HTTPSTCOQEKO8IGW1P
965,1,HTTPSTCOQLBVFBAFWF
966,1,HTTPSTCOQTUYT3HKR8
967,1,HTTPSTCORCDWNSCZW5
968,1,HTTPSTCORGRBJHWBR8
969,1,HTTPSTCORPJVMDV845
970,1,HTTPSTCORR6OPS7OUG
971,1,HTTPSTCOS5IQDXT1J7
972,1,HTTPSTCOSDL4DTFLUE
973,1,HTTPSTCOSM5W2F83Q6
974,1,HTTPSTCOSYV0FRB07Z
975,1,HTTPSTCOTE4YUZSKJV
976,1,HTTPSTCOUFHNLEZUGW
977,1,HTTPSTCOUMNGKPADAK
978,1,HTTPSTCOUSEM7IYH97
979,1,HTTPSTCOUSP9M9AIOS
980,1,HTTPSTCOUTZCW3KOEF
981,1,HTTPSTCOV3TMOXTLJG
982,1,HTTPSTCOVLIWO4GCMM
983,1,HTTPSTCOVOQZYIQP5A
984,1,HTTPSTCOW2C7Q2PLWH
985,1,HTTPSTCOW9IBWQ7IDR
986,1,HTTPSTCOWE1YUOSKEI
987,1,HTTPSTCOWESBH0FH7R
988,1,HTTPSTCOWIHJMMM0LF
989,1,HTTPSTCOWJ8HBXPUXO
990,1,HTTPSTCOWLYPCXDNCG
991,1,HTTPSTCOWNG0M0GCJK
992,1,HTTPSTCOWTO9OLGWBL
993,1,HTTPSTCOWWWPJJPAGO
994,1,HTTPSTCOWYFAMYUM7H
995,1,HTTPSTCOWYON0CLBAR
996,1,HTTPSTCOX99SCISTX0
997,1,HTTPSTCOXPF2BKMAK2
998,1,HTTPSTCOXUZW3FHEOS
999,1,HTTPSTCOXX21FMTFUZ
1000,1,HTTPSTCOY1LDE24ZM5
